snapshot_time_utc,game_name,stream_id,user_id,user_login,user_name,title,viewer_count,started_at,language,thumbnail_url,is_mature
2026-05-01_181607,Counter-Strike,317024127832,14371185,northernlion,Northernlion,it's the first of the month...so cache your dust and get up... | !prime !DemonBluff,11983,2026-05-01T16:00:25Z,en,https://static-cdn.jtvnw.net/previews-ttv/live_user_northernlion-{width}x{height}.jpg,False
2026-05-01_181607,Counter-Strike,315961115222,103577259,jlcs2,jLcs2,🔴 4000 ELO FACEIT PLAYGROUND w/ lil pup @magilacs 🔴 !delay,6157,2026-05-01T15:42:07Z,en,https://static-cdn.jtvnw.net/previews-ttv/live_user_jlcs2-{width}x{height}.jpg,True
2026-05-01_181607,Counter-Strike,315931968597,39154778,recrent,Recrent,ВОЗВРАЩАЮ 3000 ELO ПРИНАДЛЕЖАЩИЕ МНЕ ПО ПРАВУ // !pari !tg !мерч,5156,2026-05-01T13:15:35Z,ru,https://static-cdn.jtvnw.net/previews-ttv/live_user_recrent-{width}x{height}.jpg,False
2026-05-01_181607,Counter-Strike,319058672986,1370325422,nocriesof,nocriesof,FACEIT TOP 40 NA W/ @jasonr | !tg,2988,2026-05-01T14:58:38Z,en,https://static-cdn.jtvnw.net/previews-ttv/live_user_nocriesof-{width}x{height}.jpg,False
2026-05-01_181607,Counter-Strike,316991395431,86131599,lol_nemesis,lol_nemesis,Variety time !korea !patreon !nord !discord,2775,2026-05-01T12:17:56Z,en,https://static-cdn.jtvnw.net/previews-ttv/live_user_lol_nemesis-{width}x{height}.jpg,False
2026-05-01_181607,Counter-Strike,316994952935,126902046,lobanjicaa,Lobanjicaa,"LETS MAKE MONEY - $100 TIP FOR EVERY BIG WIN | CLAIM $60,000+ IN REWARDS ON MY !SITE | !rainbet !luxdrop !rain !dmarket",1917,2026-05-01T17:29:08Z,en,https://static-cdn.jtvnw.net/previews-ttv/live_user_lobanjicaa-{width}x{height}.jpg,False
2026-05-01_181607,Counter-Strike,318385723484,95569482,wastzera,wastzera,FERIADAO DO WASTÃO! LOJA RENOVADA FARM10X E 4 FACAS HOJE! 🔥🔥 -> !keydrop !csgoskins !dm !pirate !neshastore !skinland,1408,2026-05-01T13:17:27Z,pt,https://static-cdn.jtvnw.net/previews-ttv/live_user_wastzera-{width}x{height}.jpg,False
2026-05-01_181607,Counter-Strike,316990531815,1435075684,bcgamemasters,BCGameMasters,BC Game Masters Season 2 EU Series 1 | Swiss 1-0 | SPARTA vs INOX Division [BO3] - !bc !link !site,1194,2026-05-01T10:50:08Z,en,https://static-cdn.jtvnw.net/previews-ttv/live_user_bcgamemasters-{width}x{height}.jpg,False
2026-05-01_181607,Counter-Strike,317858442869,1081254490,vaderffps,vaderffps,🟢 (+18 ) PUG SEM PARAR COLA 🍀🍀🍀 |  ❗IHELLCASE ❗ CONTATO,1110,2026-05-01T11:04:57Z,pt,https://static-cdn.jtvnw.net/previews-ttv/live_user_vaderffps-{width}x{height}.jpg,False
2026-05-01_181607,Counter-Strike,315995429332,685910599,sn4wly,sn4wly,я рожден для 2000 elo /w only solo / !res !elo,1105,2026-05-01T18:00:00Z,ru,https://static-cdn.jtvnw.net/previews-ttv/live_user_sn4wly-{width}x{height}.jpg,False
2026-05-01_181607,Counter-Strike,317143187941,55898523,trilluxe,TrilluXe,🌵 TAG DER ARBEIT - 72/125 - PREM WINS FARMEN! 5W - 0D - 5L 🌵 !MORE,1026,2026-05-01T11:01:45Z,de,https://static-cdn.jtvnw.net/previews-ttv/live_user_trilluxe-{width}x{height}.jpg,False
2026-05-01_181607,Counter-Strike,316989597415,643050235,niro_csmoney,Niro_csmoney,Wir gehen FaceIT rein! Grind too 2500 elo,1024,2026-05-01T09:06:50Z,de,https://static-cdn.jtvnw.net/previews-ttv/live_user_niro_csmoney-{width}x{height}.jpg,False
2026-05-01_181607,Counter-Strike,315588959723,102302893,fenya,Fenya,Играем faceit !10 !tg !mycsgo !розыгрыш,969,2026-05-01T16:17:25Z,ru,https://static-cdn.jtvnw.net/previews-ttv/live_user_fenya-{width}x{height}.jpg,False
2026-05-01_181607,Counter-Strike,315994707412,914189479,watchfultvc,watchfulTVc,[RU] fnatic vs Lavked | ESL Challenger League | @PatrikBRN22,872,2026-05-01T16:42:28Z,ru,https://static-cdn.jtvnw.net/previews-ttv/live_user_watchfultvc-{width}x{height}.jpg,False
2026-05-01_181607,Counter-Strike,315994850644,656270879,m4ga,m4ga,🔴ПРОКАЧКИ ИНВЕНТАРЕЙ ЗРИТЕЛЕЙ + тест сайтов | !ggsel !розыгрыш !ковры !tg,849,2026-05-01T16:58:53Z,ru,https://static-cdn.jtvnw.net/previews-ttv/live_user_m4ga-{width}x{height}.jpg,False
2026-05-01_181607,Counter-Strike,317615731799,22336099,bt0tv,bt0tv,AO VIVO: 0 AO 20 // !SKINPLACE !CSGOSKINS !PIRATESWAP !GYMRATS,805,2026-05-01T14:26:30Z,pt,https://static-cdn.jtvnw.net/previews-ttv/live_user_bt0tv-{width}x{height}.jpg,False
2026-05-01_181607,Counter-Strike,317211474278,102886337,spinustv,SpinusTV,🔥DUO CS ΜΕ ΤΟΝ ΜΕΓΑΛΥΤΕΡΟ ΟΠΑΔΟ ΤΟΥ ΑΡΕΩΣ 🔥,796,2026-05-01T16:11:42Z,en,https://static-cdn.jtvnw.net/previews-ttv/live_user_spinustv-{width}x{height}.jpg,False
2026-05-01_181607,Counter-Strike,316649579491,131415728,prcs,prcs,duoQ w/ @nopeej | 2K !leaderboard | COMPRO SKINS !skins | +8.000€ GIVEAWAY !csdrop !csgoskins !pirateswap,787,2026-05-01T13:02:36Z,pt,https://static-cdn.jtvnw.net/previews-ttv/live_user_prcs-{width}x{height}.jpg,True
2026-05-01_181607,Counter-Strike,317918470516,193639721,danoc0,danoc0,🟢 analise furia- R$ 4.00 em skins grátis - entre nos patros -> ❗KEYDROP❗PirateSwap ❗Neshastore❗Skinplace❗Curso ❗Faceit❗Drmouse❗Exitlag,767,2026-05-01T14:54:59Z,pt,https://static-cdn.jtvnw.net/previews-ttv/live_user_danoc0-{width}x{height}.jpg,False
2026-05-01_181607,Counter-Strike,315933323221,610837055,voitovichdm,voitovichdm,ВОССТАНАВЛИВАЮ ФОРМУ ПЕРЕД КАЛИБРОВКОЙ🥲no cam / БЕЗДОМНЫЙ🥲,743,2026-05-01T16:19:08Z,ru,https://static-cdn.jtvnw.net/previews-ttv/live_user_voitovichdm-{width}x{height}.jpg,False
2026-05-01_181607,Counter-Strike,315994936788,1300334004,j05k1y,j05k1y,🎁 зайди и дам подарок | Основа 👉 @joskiyokda,715,2026-05-01T17:06:31Z,ru,https://static-cdn.jtvnw.net/previews-ttv/live_user_j05k1y-{width}x{height}.jpg,False
2026-05-01_181607,Counter-Strike,315961588438,1277546565,zloydedoktv,ZloyDedoktv,ТРЕЙДИНГ С 100 ПЛЕЧОМ t.me/zloydedokstream | kick zloydedok |,708,2026-05-01T16:34:59Z,en,https://static-cdn.jtvnw.net/previews-ttv/live_user_zloydedoktv-{width}x{height}.jpg,False
2026-05-01_181607,Counter-Strike,315994675284,1469812266,sonkingame,sonkingame,Влияем на судьбы,700,2026-05-01T16:39:22Z,ru,https://static-cdn.jtvnw.net/previews-ttv/live_user_sonkingame-{width}x{height}.jpg,False
2026-05-01_181607,Counter-Strike,317786427382,927819132,zsilvak,zsilvak,+18 subathon pocando #2!! |❗comandos ❗pix ❗discord,682,2026-05-01T11:28:19Z,pt,https://static-cdn.jtvnw.net/previews-ttv/live_user_zsilvak-{width}x{height}.jpg,False
2026-05-01_181607,Counter-Strike,319060114650,410558833,renyan,renyan,⚠️ ACCIDENTALLY WENT LIVE ON MAIN FOR A SECOND ⚠️ JUST WANTED TO SAY HI ⚠️ !csmoney !plushie,664,2026-05-01T17:50:24Z,en,https://static-cdn.jtvnw.net/previews-ttv/live_user_renyan-{width}x{height}.jpg,False
2026-05-01_181607,Counter-Strike,315932507093,42080143,inet_saju,inet_saju,IDEALNY SKŁAD NA MAJÓWKĘ! | !csgoskins !pirateswap,639,2026-05-01T14:36:00Z,pl,https://static-cdn.jtvnw.net/previews-ttv/live_user_inet_saju-{width}x{height}.jpg,False
2026-05-01_181607,Counter-Strike,317209571942,112702339,d0cc_tv,d0cc_tv,"🔴PREMIER DEMON ROAD TO 35,000 RATING🔴| !dm | !giveaway | !hellcase | !skinswap",638,2026-05-01T13:23:49Z,en,https://static-cdn.jtvnw.net/previews-ttv/live_user_d0cc_tv-{width}x{height}.jpg,False
2026-05-01_181607,Counter-Strike,317144607077,138537079,krat0ntv,krat0ntv,ALGO  - PsychoFace | NODWIN Clutch Series 8 Closed Qualifier | !tg 500000 РУБЛЕЙ ПОДНЯЛ НА СТАВКАХ,589,2026-05-01T13:30:51Z,ru,https://static-cdn.jtvnw.net/previews-ttv/live_user_krat0ntv-{width}x{height}.jpg,False
2026-05-01_181607,Counter-Strike,317205589990,148525388,pro_cast2,pro_cast2,Fnatic vs lavked 1-0 bo3 ESL Challenger League Season 51: Europe - Cup #4,569,2026-05-01T04:31:53Z,ru,https://static-cdn.jtvnw.net/previews-ttv/live_user_pro_cast2-{width}x{height}.jpg,False
2026-05-01_181607,Counter-Strike,317145628901,45921282,redcs,redcs,FACEIT 4K ELO CHALLENGE - DAY 7 ✨🇩🇪 21:30 BLAST WP ✨🇩🇪 BMI KAPITÄN !shirt IST DA✨🇩🇪 | !acezone !holy !rambo !csmoney !dm !skinclub,552,2026-05-01T15:06:15Z,de,https://static-cdn.jtvnw.net/previews-ttv/live_user_redcs-{width}x{height}.jpg,False
2026-05-01_181607,Counter-Strike,316633073764,255176033,shrcs,shrcs,🔴 NEW SEASON SAME JUNGLE !! 🔴| 3500$ shrcs.pt !comandos !discord,548,2026-05-01T14:54:28Z,pt,https://static-cdn.jtvnw.net/previews-ttv/live_user_shrcs-{width}x{height}.jpg,False
2026-05-01_181607,Counter-Strike,317209872358,1092550782,bcgameesports,BCGameEsports,BC Game Masters Season 2 EU Series 1 | Swiss 1-0 | SPARTA vs INOX Division  [BO3] - !bc !link !site,523,2026-05-01T13:53:25Z,en,https://static-cdn.jtvnw.net/previews-ttv/live_user_bcgameesports-{width}x{height}.jpg,False
2026-05-01_181607,Counter-Strike,315994110804,75867063,hades1337,hades1337,Prem /w nawrot l 25s delay,508,2026-05-01T15:35:24Z,pl,https://static-cdn.jtvnw.net/previews-ttv/live_user_hades1337-{width}x{height}.jpg,False
2026-05-01_181607,Counter-Strike,315961206870,44241835,t0nse,t0nse,Dag 3 som fuldtid,416,2026-05-01T15:54:17Z,da,https://static-cdn.jtvnw.net/previews-ttv/live_user_t0nse-{width}x{height}.jpg,False
2026-05-01_181607,Counter-Strike,315933915733,15248492,worldedit,WorldEdit,Faceit 3200 elo !winline,400,2026-05-01T17:25:37Z,ru,https://static-cdn.jtvnw.net/previews-ttv/live_user_worldedit-{width}x{height}.jpg,False
2026-05-01_181607,Counter-Strike,316609405282,43045369,zorlakoka,zorlaKOKA,CS manhoso! :D,391,2026-05-01T17:52:34Z,pt,https://static-cdn.jtvnw.net/previews-ttv/live_user_zorlakoka-{width}x{height}.jpg,False
2026-05-01_181607,Counter-Strike,319166782427,908692806,wolfercs,WolferCS,🔴 CS GRINDINNN - !herowars ❤️ | 322/365 🔴 THANKS FOR 35K FOLLOWERS ❤️,389,2026-05-01T16:36:19Z,pl,https://static-cdn.jtvnw.net/previews-ttv/live_user_wolfercs-{width}x{height}.jpg,False
2026-05-01_181607,Counter-Strike,315933589461,133850478,tati,tati,♡ !tg !boosty,381,2026-05-01T16:50:25Z,ru,https://static-cdn.jtvnw.net/previews-ttv/live_user_tati-{width}x{height}.jpg,False
2026-05-01_181607,Counter-Strike,315528886355,861461450,daquintv,DaquinTV,🔷 Grind Premier Cs 🔷 CO SIĘ DZIEJE ZE SKINAMI W CS  🔷 Thanks for 30K Followers 💙,380,2026-05-01T16:35:59Z,pl,https://static-cdn.jtvnw.net/previews-ttv/live_user_daquintv-{width}x{height}.jpg,False
2026-05-01_181607,Counter-Strike,315589019115,1117142311,nybait,nybait,🟡 IL MIGLIOR GIOCATORE IN TUTTO TRANNE CHE IN COUNTER-STRIKE È DI NUOVO QUI 🟡,376,2026-05-01T16:36:11Z,it,https://static-cdn.jtvnw.net/previews-ttv/live_user_nybait-{width}x{height}.jpg,False
2026-05-01_181607,Counter-Strike,316606557794,42057144,cuddertv,CudderTV,GAME PAS CHILL AVANT LES BLAST RIVALS - 60/40 VALIDÉ MERCI🎯!Cudder !Subgoal !Vita,372,2026-05-01T12:50:37Z,fr,https://static-cdn.jtvnw.net/previews-ttv/live_user_cuddertv-{width}x{height}.jpg,False
2026-05-01_181607,Counter-Strike,315961856726,562269677,skinpro69,skinpro69,🔥ИГРАЕМ FACEIT 10 LVL🔥 РОЗЫГРЫШ НОЖА В ТГ!🔥,367,2026-05-01T17:04:02Z,ru,https://static-cdn.jtvnw.net/previews-ttv/live_user_skinpro69-{width}x{height}.jpg,False
2026-05-01_181607,Counter-Strike,317145991909,1259224949,johnnyspeeds,JohnnySpeeds,LIVE: Johnny Speeds vs. INFINITE | Esplay Elite Gaming Cup #1 | Groupstage | @kreativofc,366,2026-05-01T15:37:51Z,sv,https://static-cdn.jtvnw.net/previews-ttv/live_user_johnnyspeeds-{width}x{height}.jpg,False
2026-05-01_181607,Counter-Strike,317787140726,192180631,imicaelax,imicaelax,FELIZ DÍA PARA MI | subs del día 11/7 ⋆.🎀 ̊ | !skinclub | !csdrop | !pandastore | !waizowl,342,2026-05-01T14:59:49Z,es,https://static-cdn.jtvnw.net/previews-ttv/live_user_imicaelax-{width}x{height}.jpg,False
2026-05-01_181607,Counter-Strike,316972870247,31239503,eslcs,ESLCS,HIGHLIGHTS: NAVI vs FURIA - IEM Rio 2026,332,2026-04-29T20:57:28Z,en,https://static-cdn.jtvnw.net/previews-ttv/live_user_eslcs-{width}x{height}.jpg,False
2026-05-01_181607,Counter-Strike,315933482453,950171045,bottegaboi_,bottegaboi_,67LIFESTYLE  !tg !gta5rp !spotify !ggsel !upgrader,326,2026-05-01T16:37:43Z,ru,https://static-cdn.jtvnw.net/previews-ttv/live_user_bottegaboi_-{width}x{height}.jpg,False
2026-05-01_181607,Counter-Strike,316994767335,90185887,synd1cat,Synd1caT,💀 L L L L L AURA  💀 | !tg !upgrader !ggdrop,313,2026-05-01T17:15:13Z,ru,https://static-cdn.jtvnw.net/previews-ttv/live_user_synd1cat-{width}x{height}.jpg,False
2026-05-01_181607,Counter-Strike,317146448741,858772270,zibert1715_,zibert1715_,МЕНЯ ОБМАНУЛ ФЕЙСИТ. ВОЗВРАЩАЮ 10ЛВЛ |!petuh !ggdrop,303,2026-05-01T16:14:34Z,ru,https://static-cdn.jtvnw.net/previews-ttv/live_user_zibert1715_-{width}x{height}.jpg,False
2026-05-01_181607,Counter-Strike,315994340820,624937212,g3ek4u,g3ek4u,Cтрах стрелять с AWP присутствует | !ggdrop !pituh,301,2026-05-01T16:02:51Z,ru,https://static-cdn.jtvnw.net/previews-ttv/live_user_g3ek4u-{width}x{height}.jpg,False
2026-05-01_181607,Counter-Strike,317788127862,53499600,sklcs,sklcs,supermatch faceitola !keydrop !pirateswap,296,2026-05-01T17:57:16Z,pt,https://static-cdn.jtvnw.net/previews-ttv/live_user_sklcs-{width}x{height}.jpg,False
2026-05-01_181607,Counter-Strike,315933154901,486026784,ar7hoe,ar7hoe,10lvl,296,2026-05-01T15:59:56Z,ru,https://static-cdn.jtvnw.net/previews-ttv/live_user_ar7hoe-{width}x{height}.jpg,False
2026-05-01_181607,Counter-Strike,317212136038,29515752,deadfox15,DeadFox15,CS🐺(Stream#525) !elado !csgofast !keydrop !keydropgiveaway,296,2026-05-01T17:02:24Z,hu,https://static-cdn.jtvnw.net/previews-ttv/live_user_deadfox15-{width}x{height}.jpg,True
2026-05-01_181607,Counter-Strike,315961766870,468427484,aidstarcs,aidstarcs,[UA] fnatic vs Lavked | ESL Challenger League S51 EU Cup 4 | BO3 | 🎙 @aidstarcs,295,2026-05-01T16:55:06Z,uk,https://static-cdn.jtvnw.net/previews-ttv/live_user_aidstarcs-{width}x{height}.jpg,False
2026-05-01_181607,Counter-Strike,317788134646,113696934,nqzfps,nqzfps,JOGANDO A NOVA CACHE NA FACEIT!,289,2026-05-01T17:58:22Z,pt,https://static-cdn.jtvnw.net/previews-ttv/live_user_nqzfps-{width}x{height}.jpg,False
2026-05-01_181607,Counter-Strike,317918089076,91762630,y4s_,y4s_,SORTEIO DE 7 FACAS HOJE😈😈😈 !form !g4 !forcedrop !form !nesha !youtube,279,2026-05-01T13:07:06Z,pt,https://static-cdn.jtvnw.net/previews-ttv/live_user_y4s_-{width}x{height}.jpg,False
2026-05-01_181607,Counter-Strike,319166728155,147734961,gamersclubcs,gamersclubcs,Odyssey Cup | Fase Suíça - Dia 2 | Gamdom Imperial x Fake do Biru | Fluxo W7M x LP | MD3,276,2026-05-01T16:29:55Z,pt,https://static-cdn.jtvnw.net/previews-ttv/live_user_gamersclubcs-{width}x{height}.jpg,False
2026-05-01_181607,Counter-Strike,315131149423,116640861,cispapa,CISpapa,G2 Esports - FaZe | BLAST Rivals Spring 2026 | !tg | !фри | @krat0ntv,271,2026-05-01T18:00:25Z,ru,https://static-cdn.jtvnw.net/previews-ttv/live_user_cispapa-{width}x{height}.jpg,False
2026-05-01_181607,Counter-Strike,317145026277,118007495,le0cs2,le0cs2,[AL/EN]🟢Astral vs Heroic Academy🟢Urime 1 maji xhemat🟢,265,2026-05-01T14:11:03Z,en,https://static-cdn.jtvnw.net/previews-ttv/live_user_le0cs2-{width}x{height}.jpg,False
2026-05-01_181607,Counter-Strike,316649514467,73001035,lilyaang,LilYaang,STREAM MATINAL,264,2026-05-01T12:55:42Z,fr,https://static-cdn.jtvnw.net/previews-ttv/live_user_lilyaang-{width}x{height}.jpg,False
2026-05-01_181607,Counter-Strike,316994250983,770714714,templeader,templeader,CS2 // Уже лучше // пульс -> 45,259,2026-05-01T16:36:44Z,ru,https://static-cdn.jtvnw.net/previews-ttv/live_user_templeader-{width}x{height}.jpg,False
2026-05-01_181607,Counter-Strike,315571995241,103799456,foxzfoxzfoxz,foxzfoxzfoxz,act นี้ try hard 2,258,2026-05-01T16:32:05Z,th,https://static-cdn.jtvnw.net/previews-ttv/live_user_foxzfoxzfoxz-{width}x{height}.jpg,False
2026-05-01_181607,Counter-Strike,317860137973,161782199,santzincs,santzincs,"[+18 Lobby CS, Depois cassino ❗️Twin ❗Evoplay ❗Skinclub",249,2026-05-01T17:52:01Z,pt,https://static-cdn.jtvnw.net/previews-ttv/live_user_santzincs-{width}x{height}.jpg,False
2026-05-01_181607,Counter-Strike,316634094436,1117146806,ohneveltrix,ohneVeltrix,🎁 Excited for this beatiful day! 😤 Faceit tilt later 🎮 Maybe I’ll open a case too 🎁,246,2026-05-01T16:36:44Z,it,https://static-cdn.jtvnw.net/previews-ttv/live_user_ohneveltrix-{width}x{height}.jpg,False
2026-05-01_181607,Counter-Strike,317212214118,244628102,xmarjus,xMarjus,ITS FACEIT TIME !hunt !neptun Check out xMarjus.com🚀,239,2026-05-01T17:07:59Z,en,https://static-cdn.jtvnw.net/previews-ttv/live_user_xmarjus-{width}x{height}.jpg,False
2026-05-01_181607,Counter-Strike,317918516724,163526114,xisterafps,XISTERAfps,"FERIADOU DE CRIA, BORA DE MUITA RESENHA! SUBATHON DIA 108",238,2026-05-01T15:06:48Z,pt,https://static-cdn.jtvnw.net/previews-ttv/live_user_xisterafps-{width}x{height}.jpg,True
2026-05-01_181607,Counter-Strike,315924960981,916795015,bubnilkin_,bubnilkin_,🔴 UP 10 LVL FACIET 🔴 САМЫЕ ДЕШЁВЫЕ СКИНЫ ЗА БАЛЛЫ 🔴 НАКЛЕЙКА ЗА ФОЛЛОУ,235,2026-04-30T14:43:56Z,ru,https://static-cdn.jtvnw.net/previews-ttv/live_user_bubnilkin_-{width}x{height}.jpg,False
2026-05-01_181607,Counter-Strike,316634747876,43300589,aliozor,ALIOZOR,37y mf,229,2026-05-01T17:37:03Z,fr,https://static-cdn.jtvnw.net/previews-ttv/live_user_aliozor-{width}x{height}.jpg,False
2026-05-01_181607,Counter-Strike,317209352678,249877505,rxiirl,RxiiRL,"TRAINING CHILL, 2VS2 CAUCASICO Y LUEGO COUNTER :D",216,2026-05-01T13:01:29Z,es,https://static-cdn.jtvnw.net/previews-ttv/live_user_rxiirl-{width}x{height}.jpg,False
2026-05-01_181607,Counter-Strike,317145991525,38009707,fribergcs,fribergCS,LIVE: Johnny Speeds vs. INFINITE | Esplay Elite Gaming Cup #1 | Groupstage | @kreativofc,213,2026-05-01T15:37:51Z,en,https://static-cdn.jtvnw.net/previews-ttv/live_user_fribergcs-{width}x{height}.jpg,False
2026-05-01_181607,Counter-Strike,315994784596,1305248863,klsla,klsla,#faceit prem \ w,209,2026-05-01T16:51:44Z,ru,https://static-cdn.jtvnw.net/previews-ttv/live_user_klsla-{width}x{height}.jpg,False
2026-05-01_181607,Counter-Strike,316987155431,657644821,cs2_maincast,cs2_maincast,[UA] RERUN: BLAST Rivals Fort Worth 2026,207,2026-05-01T01:27:02Z,uk,https://static-cdn.jtvnw.net/previews-ttv/live_user_cs2_maincast-{width}x{height}.jpg,False
2026-05-01_181607,Counter-Strike,315993232596,880280523,bigbratik88,BIGBRATIK88,CS2 | Rust | Grand RP promo - biga,202,2026-05-01T13:37:09Z,ru,https://static-cdn.jtvnw.net/previews-ttv/live_user_bigbratik88-{width}x{height}.jpg,False
2026-05-01_181607,Counter-Strike,317859922293,191054479,imh0nda,imh0nda,⚙️👷🏻‍♂️🛠️🔧DIA DA TRABALHADOR(eu)🚜👷🚧🏗️ °‧ 𓆝 𓆟 𓆞 ·｡°‧ 𓆝 𓆟 𓆞 ·｡°‧ 𓆝 𓆟 𓆞 ·｡ !farmskins !uchallenger !JFX !sorteio !tradeit 83/?,201,2026-05-01T17:19:12Z,pt,https://static-cdn.jtvnw.net/previews-ttv/live_user_imh0nda-{width}x{height}.jpg,False
2026-05-01_181607,Counter-Strike,315994906580,96754854,stan1slawq,stan1slawq,СТРИМ ИЗ ШКОЛЫ ЗА ФОЛОУ ПЯТЕРКА EXTENDED НА ORLANDO !tg,180,2026-05-01T17:03:23Z,ru,https://static-cdn.jtvnw.net/previews-ttv/live_user_stan1slawq-{width}x{height}.jpg,False
2026-05-01_181607,Counter-Strike,316652140131,127545957,byr9_cs2,byr9_cs2,ZOTIX FACEIT PREMIUM w @esdxd + @xenjicsgo | 45 sec delay,172,2026-05-01T17:31:29Z,other,https://static-cdn.jtvnw.net/previews-ttv/live_user_byr9_cs2-{width}x{height}.jpg,False
2026-05-01_181607,Counter-Strike,316633699556,97647848,vectizz,VECTIZZ,👽 WAITING ROOM BLAST 👽 5 STACK FULL GRIND FACEIT TOP 1000 EU | NEW TUTO STUFF CACHE !cache | !csgoskins !maxesport !knify !refrag,172,2026-05-01T15:59:31Z,fr,https://static-cdn.jtvnw.net/previews-ttv/live_user_vectizz-{width}x{height}.jpg,False
2026-05-01_181607,Counter-Strike,315993778132,77744430,rosieriver,RosieRiver,CS2 piupiu,172,2026-05-01T14:52:54Z,en,https://static-cdn.jtvnw.net/previews-ttv/live_user_rosieriver-{width}x{height}.jpg,True
2026-05-01_181607,Counter-Strike,317145212133,98006712,awzek,awzek,FACEIT FOMO PROC / POST BREAK GUIDE  !farmskins,171,2026-05-01T14:29:26Z,el,https://static-cdn.jtvnw.net/previews-ttv/live_user_awzek-{width}x{height}.jpg,False
2026-05-01_181607,Counter-Strike,315962281302,189406086,memsteel,memsteel,Устал... Плайтайм с Пирокинезисом и друзьями !РБК ИНТЕНСИВЫ,167,2026-05-01T17:52:09Z,ru,https://static-cdn.jtvnw.net/previews-ttv/live_user_memsteel-{width}x{height}.jpg,False
2026-05-01_181607,Counter-Strike,317787997942,601410710,zuzu_fpss,zuzu_fpss,🟢 Top 10  faceit SA rumo ao top 1 cola !comandos,166,2026-05-01T17:38:44Z,pt,https://static-cdn.jtvnw.net/previews-ttv/live_user_zuzu_fpss-{width}x{height}.jpg,False
2026-05-01_181607,Counter-Strike,315962074454,196344117,bymas,Bymas,FACEIT PLACEMENT MATCHES | !sign !csgofast !knock🥷,165,2026-05-01T17:29:34Z,en,https://static-cdn.jtvnw.net/previews-ttv/live_user_bymas-{width}x{height}.jpg,False
2026-05-01_181607,Counter-Strike,317859158389,94391768,shz4tw,shz4tw,🟢 GRIND SUPERMATCH ❗csgoskins❗livepix,158,2026-05-01T14:49:34Z,pt,https://static-cdn.jtvnw.net/previews-ttv/live_user_shz4tw-{width}x{height}.jpg,False
2026-05-01_181607,Counter-Strike,315933303125,415665410,lewaaw,Lewaaw,😭😭 LVL9 PELAAJA 😭😭 BACK TO NOOB LVL 😭😭 MEKAANISUUS KADONNUT 😭😭 HOLDAAN ANGLEA KUNNES OLEN 10LVL 😭😭 !farm,157,2026-05-01T16:16:57Z,fi,https://static-cdn.jtvnw.net/previews-ttv/live_user_lewaaw-{width}x{height}.jpg,False
2026-05-01_181607,Counter-Strike,317859188597,405077244,apreciem,apreciem,🔴 LVL 20 GC JOGANDO COM O CHAT! ❗clashgg ❗discord❗pix ❗pc❗baiter ❗dotado,149,2026-05-01T14:57:04Z,pt,https://static-cdn.jtvnw.net/previews-ttv/live_user_apreciem-{width}x{height}.jpg,False
2026-05-01_181607,Counter-Strike,317918311668,153492604,luk4fps,luk4fps,🟢🔥 LOBBY COM O CHAT + SORTEIO DE 2 FACAS AMANHÃ!!!❗️CSGONET❗️nesha ❗️loja -> @luk4fps,148,2026-05-01T14:12:31Z,pt,https://static-cdn.jtvnw.net/previews-ttv/live_user_luk4fps-{width}x{height}.jpg,True
2026-05-01_181607,Counter-Strike,317859295093,1453629047,aaruxfps,Aaruxfps,"🟢 Faceit, gc? IDK cola | 15s Delay | !dixy !exitlag",146,2026-05-01T15:23:25Z,pt,https://static-cdn.jtvnw.net/previews-ttv/live_user_aaruxfps-{width}x{height}.jpg,False
2026-05-01_181607,Counter-Strike,316994309223,73426586,chocolate_puma,chocolate_puma,01.05 Święto Pracy // !ig !dc !tiktok !skiny !holy !risky,146,2026-05-01T16:41:55Z,pl,https://static-cdn.jtvnw.net/previews-ttv/live_user_chocolate_puma-{width}x{height}.jpg,False
2026-05-01_181607,Counter-Strike,315995177300,453075903,hatelife7,hatelife7,"3k Elo , Depression , Раздвоение личности , перепады настроения , hate life , онкология , ничего не ем",144,2026-05-01T17:32:48Z,ru,https://static-cdn.jtvnw.net/previews-ttv/live_user_hatelife7-{width}x{height}.jpg,False
2026-05-01_181607,Counter-Strike,315993875924,224664646,magilacs,MAGILAcs,3.6k elo faceit w @jlcs2 | I DO COACHING | !skinrave !clash !csbattle,144,2026-05-01T15:04:48Z,en,https://static-cdn.jtvnw.net/previews-ttv/live_user_magilacs-{width}x{height}.jpg,False
2026-05-01_181607,Counter-Strike,317781379446,891524489,bobsiqueira,BobSiqueira,SUBATHOM DIA #2❗️CSGONET ❗️Insane ❗️SuperSkins,143,2026-04-30T20:54:26Z,pt,https://static-cdn.jtvnw.net/previews-ttv/live_user_bobsiqueira-{width}x{height}.jpg,False
2026-05-01_181607,Counter-Strike,317212476390,31410315,gejmzilla,gejmzilla,cscscscscscs,139,2026-05-01T17:27:34Z,en,https://static-cdn.jtvnw.net/previews-ttv/live_user_gejmzilla-{width}x{height}.jpg,False
2026-05-01_181607,Counter-Strike,315933903061,1478753156,dosschannel11,dosschannel11,Скуф Пати,135,2026-05-01T17:23:52Z,ru,https://static-cdn.jtvnw.net/previews-ttv/live_user_dosschannel11-{width}x{height}.jpg,False
2026-05-01_181607,Counter-Strike,316608719586,185055080,sapuetelverdee,SapuetElVerdee,"[🔴FACEIT LVL 10🔴] ⭐NUEVA FAKA, NUEVO MES, NUEVO !SORTEO SUBS MAYO⭐ | 💜!SKINCLUB 7% BONUS💜 | ❗RULETA | --> @SapuetElVerdee",134,2026-05-01T16:49:07Z,es,https://static-cdn.jtvnw.net/previews-ttv/live_user_sapuetelverdee-{width}x{height}.jpg,True
2026-05-01_181607,Counter-Strike,317787285110,736982919,fasconcelos_,fasconcelos_,O MIO MES DO ANO TA ON. FARM 5X❗CSGONET❗PIRATESWAP❗NESHA❗OC❗SKIN❗LOJA ❗WPP,133,2026-05-01T15:34:16Z,pt,https://static-cdn.jtvnw.net/previews-ttv/live_user_fasconcelos_-{width}x{height}.jpg,False
2026-05-01_181607,Counter-Strike,317210488934,77050453,niku,Niku,3k ELO FACEIT | 💵 ПЕЧЕЛИ ПАРИ ОТ !clipper | 🎰!ggbet | 🎁niku.gg | !Zowie | 🎁!giveaway | 🔥!hellcase | !Ozone & !Ardes ͏,131,2026-05-01T14:48:27Z,bg,https://static-cdn.jtvnw.net/previews-ttv/live_user_niku-{width}x{height}.jpg,True
2026-05-01_181607,Counter-Strike,315994696532,840444677,karmaflexxx,karmaflexxx,[RU] fnatic vs Lavked | ESL Challenger League Season 51 Europe Cup 4,46,2026-05-01T16:41:25Z,ru,https://static-cdn.jtvnw.net/previews-ttv/live_user_karmaflexxx-{width}x{height}.jpg,False
2026-05-01_181607,Apex Legends,319166048347,51065352,faide,Faide,RANKED W/ @SANG // FIXED SCHEDULE ✅ DILLON ✅ DYLAN ✅TRASH POV ✅,2661,2026-05-01T15:04:41Z,en,https://static-cdn.jtvnw.net/previews-ttv/live_user_faide-{width}x{height}.jpg,False
2026-05-01_181607,Apex Legends,315958749782,128856353,mande,Mande,😱 MAKE MONEY WATCHING ME WITH !Clipster - !Factor !manga 🧡 🟢 !giveaway !socials 🟢,2162,2026-05-01T09:52:23Z,en,https://static-cdn.jtvnw.net/previews-ttv/live_user_mande-{width}x{height}.jpg,False
2026-05-01_181607,Apex Legends,315825772785,165572706,dmf_kyochan,恭一郎,2か月遅れの生誕グッツお披露目,1183,2026-05-01T09:51:23Z,ja,https://static-cdn.jtvnw.net/previews-ttv/live_user_dmf_kyochan-{width}x{height}.jpg,False
2026-05-01_181607,Apex Legends,318996596313,269140208,tttcheekyttt,tttcheekyttt,mojhon Storm試してみる すぐRainbow3に戻すかも プレデターランク,776,2026-05-01T10:36:22Z,ja,https://static-cdn.jtvnw.net/previews-ttv/live_user_tttcheekyttt-{width}x{height}.jpg,False
2026-05-01_181607,Apex Legends,315826829681,140819284,erycyoo,李帷,5/1 瘋狗娛樂  YT會員/圖其自主訂閱++ !每周日抽獎 !GearUP,505,2026-05-01T13:15:18Z,zh,https://static-cdn.jtvnw.net/previews-ttv/live_user_erycyoo-{width}x{height}.jpg,False
2026-05-01_181607,Apex Legends,316650337123,124403155,juliettearz,JulietteArz,Mardi nouvelle saisooon ☀️ | 🥛!holy 🌐!surfshark,387,2026-05-01T14:31:55Z,fr,https://static-cdn.jtvnw.net/previews-ttv/live_user_juliettearz-{width}x{height}.jpg,False
2026-05-01_181607,Apex Legends,316632002148,542563106,izhidan,izhidan,RANKED,322,2026-05-01T12:49:37Z,fr,https://static-cdn.jtvnw.net/previews-ttv/live_user_izhidan-{width}x{height}.jpg,True
2026-05-01_181607,Apex Legends,318385799644,191900165,gamin4hope,Gamin4Hope,Apex Legends Ranked 🤝🏻 | !schedule | !charity,307,2026-05-01T13:30:51Z,en,https://static-cdn.jtvnw.net/previews-ttv/live_user_gamin4hope-{width}x{height}.jpg,False
2026-05-01_181607,Apex Legends,315827413233,876185324,nishimura_honoka,西村ほのか,おなか壊しのえぺ,293,2026-05-01T15:03:34Z,ja,https://static-cdn.jtvnw.net/previews-ttv/live_user_nishimura_honoka-{width}x{height}.jpg,False
2026-05-01_181607,Apex Legends,317143457509,1096133241,vunlucky,vUnlucky,NO DILLY DALLY. 12H PRED GRIND STREAM NOW  | !Socials,283,2026-05-01T11:30:41Z,en,https://static-cdn.jtvnw.net/previews-ttv/live_user_vunlucky-{width}x{height}.jpg,False
2026-05-01_181607,Apex Legends,317023943512,90020006,tsm_viss,TSM_Viss,🔴 (LIVE) - Becoming a Conduit Main in Apex Ranked,278,2026-05-01T15:05:02Z,en,https://static-cdn.jtvnw.net/previews-ttv/live_user_tsm_viss-{width}x{height}.jpg,False
2026-05-01_181607,Apex Legends,317616302551,224037760,gent,gent,"Long stream, new month, joined Godlike!! // @gentnmn on socials",233,2026-05-01T16:31:33Z,en,https://static-cdn.jtvnw.net/previews-ttv/live_user_gent-{width}x{height}.jpg,False
2026-05-01_181607,Apex Legends,317144952293,129290251,ojrein,ojrein,ранкедурында !funpay !ковры,207,2026-05-01T14:03:38Z,ru,https://static-cdn.jtvnw.net/previews-ttv/live_user_ojrein-{width}x{height}.jpg,False
2026-05-01_181607,Apex Legends,316991141479,54185820,matafe_,MaTaFe_,SCRIMS NOW,203,2026-05-01T11:54:02Z,en,https://static-cdn.jtvnw.net/previews-ttv/live_user_matafe_-{width}x{height}.jpg,False
2026-05-01_181607,Apex Legends,315888639859,702014815,vipjapan0619,おおともりょう,【16日目】現在ダイヤ4：APEXマスターチャレンジ,175,2026-05-01T13:46:19Z,ja,https://static-cdn.jtvnw.net/previews-ttv/live_user_vipjapan0619-{width}x{height}.jpg,False
2026-05-01_181607,Apex Legends,318999141209,554712890,sang,Sang,Rotund and ready to rumble gaming with Dylan (rFaide),174,2026-05-01T17:33:40Z,en,https://static-cdn.jtvnw.net/previews-ttv/live_user_sang-{width}x{height}.jpg,True
2026-05-01_181607,Apex Legends,317141704037,265924246,berbatow,Berbatow,12h Stream happy Feiertag👀🐸| !Holy🥤!Nyfter🖱️!prepmymeal🍔!creatorcode,173,2026-05-01T08:02:10Z,de,https://static-cdn.jtvnw.net/previews-ttv/live_user_berbatow-{width}x{height}.jpg,True
2026-05-01_181607,Apex Legends,318997332185,132712999,leamonhead,Leamonhead,#1 BEST PLAYER WHO NEVER MAKES ANY MISTAKES EVER / !song !dih,171,2026-05-01T13:29:21Z,en,https://static-cdn.jtvnw.net/previews-ttv/live_user_leamonhead-{width}x{height}.jpg,True
2026-05-01_181607,Apex Legends,319058946650,149023094,ohnocturnal,ohNocturnal,Water your plants,159,2026-05-01T15:33:32Z,en,https://static-cdn.jtvnw.net/previews-ttv/live_user_ohnocturnal-{width}x{height}.jpg,False
2026-05-01_181607,Apex Legends,318999213145,233168345,neazul_,Neazul_,Un rato porque toca Ir al Cine !REDES @Neazul_,158,2026-05-01T17:42:08Z,es,https://static-cdn.jtvnw.net/previews-ttv/live_user_neazul_-{width}x{height}.jpg,False
2026-05-01_181607,Apex Legends,316631576164,417055625,gonzales,Gonzales,Je ne sais plus a combien d'heure on en est la | !tiktok !discord !twitter,147,2026-05-01T11:56:29Z,fr,https://static-cdn.jtvnw.net/previews-ttv/live_user_gonzales-{width}x{height}.jpg,True
2026-05-01_181607,Apex Legends,315834308722,885777700,kumone_04,雲音りな,【顔出し】ｿﾛﾗﾝ💎4~ 新シーズンコンジットOTP対よろです,146,2026-05-01T13:10:19Z,ja,https://static-cdn.jtvnw.net/previews-ttv/live_user_kumone_04-{width}x{height}.jpg,False
2026-05-01_181607,Apex Legends,317210104550,472688563,missxgrey22,missxgrey22,(っ◔◡◔)っ ❤️ Einen schönen 1st Mai ❤️,143,2026-05-01T14:12:29Z,de,https://static-cdn.jtvnw.net/previews-ttv/live_user_missxgrey22-{width}x{height}.jpg,True
2026-05-01_181607,Apex Legends,315887959155,699881220,jasonasasasaa,加飯十塊錢,5/1 射,141,2026-05-01T11:56:38Z,zh,https://static-cdn.jtvnw.net/previews-ttv/live_user_jasonasasasaa-{width}x{height}.jpg,True
2026-05-01_181607,Apex Legends,316607720418,91917262,zuniuk,ZuniUK,BACK FROM LAN -> RANKED !mouse !mousepad !sens,120,2026-05-01T15:04:37Z,en,https://static-cdn.jtvnw.net/previews-ttv/live_user_zuniuk-{width}x{height}.jpg,False
2026-05-01_181607,Apex Legends,317616774871,598635299,xokaiz,xoKaiz,#1 Pred !BOOST,120,2026-05-01T17:47:19Z,en,https://static-cdn.jtvnw.net/previews-ttv/live_user_xokaiz-{width}x{height}.jpg,False
2026-05-01_181607,Apex Legends,316608461026,134849912,k4shera_,k4shera_,salam aleikum,117,2026-05-01T16:21:43Z,pt,https://static-cdn.jtvnw.net/previews-ttv/live_user_k4shera_-{width}x{height}.jpg,False
2026-05-01_181607,Apex Legends,315993050068,684900656,akkuger,akkuGER,RANK PRED GRIND AND 10k FOLLOW GRIND !all,114,2026-05-01T13:08:11Z,en,https://static-cdn.jtvnw.net/previews-ttv/live_user_akkuger-{width}x{height}.jpg,False
2026-05-01_181607,Apex Legends,315592396906,95837807,mayberuu,琉花花_,【琉花花】5/1 |  🫠... @laoshu829 @jj551171521  |  委託排單6月 |   !周邊  !DC !貓咪 !點歌,113,2026-05-01T11:58:07Z,zh,https://static-cdn.jtvnw.net/previews-ttv/live_user_mayberuu-{width}x{height}.jpg,True
2026-05-01_181607,Apex Legends,315826438257,145344849,kikinene,ききねー,【参加〇】APEX チーデスやろうず【初見さんは×ごめんね】,113,2026-05-01T12:13:51Z,ja,https://static-cdn.jtvnw.net/previews-ttv/live_user_kikinene-{width}x{height}.jpg,False
2026-05-01_181607,Apex Legends,315960675926,719117998,hugowolfy,HUGOwolfy,RADIOACTIVELAMP,109,2026-05-01T14:45:39Z,en,https://static-cdn.jtvnw.net/previews-ttv/live_user_hugowolfy-{width}x{height}.jpg,False
2026-05-01_181607,Apex Legends,315932725077,570012116,ru_top,ru_Top,"{Drops +} Лобба пушка, рейтинг 🟢Без задержки🟢 Общаемся 🟢} !аукцион !sr !тг !экг !youtube !без задержки",104,2026-05-01T15:04:57Z,ru,https://static-cdn.jtvnw.net/previews-ttv/live_user_ru_top-{width}x{height}.jpg,False
2026-05-01_181607,Apex Legends,319059470554,219064300,wethepeople1,WeThePeople1,FAREWELL STREAM,100,2026-05-01T16:40:12Z,en,https://static-cdn.jtvnw.net/previews-ttv/live_user_wethepeople1-{width}x{height}.jpg,True
2026-05-01_181607,Apex Legends,317616906071,37175851,noko,Noko,Apex Ranked with tips and tricks  !socials,89,2026-05-01T18:07:54Z,en,https://static-cdn.jtvnw.net/previews-ttv/live_user_noko-{width}x{height}.jpg,True
2026-05-01_181607,Apex Legends,317208637798,613531192,hiswattson247,hiswattson247,24/7 @HisWattson Apex Legends VOD ReRuns,85,2026-05-01T11:48:20Z,en,https://static-cdn.jtvnw.net/previews-ttv/live_user_hiswattson247-{width}x{height}.jpg,False
2026-05-01_181607,Apex Legends,318437039838,26285618,tannerslays,tannerslays,🔴 LIVE Ranked | Day 187 !partnerplus !IntoTheAM,81,2026-05-01T17:23:54Z,en,https://static-cdn.jtvnw.net/previews-ttv/live_user_tannerslays-{width}x{height}.jpg,True
2026-05-01_181607,Apex Legends,315826914545,878352433,theseventhone666,七皇の剣,【#APEX】パートナー挑戦中️🩵ダイヤ突入編💎参加型👑ROM大歓迎️🩵【初見歓迎】,78,2026-05-01T13:30:07Z,ja,https://static-cdn.jtvnw.net/previews-ttv/live_user_theseventhone666-{width}x{height}.jpg,False
2026-05-01_181607,Apex Legends,319165612635,541252526,enemyapex,EnemyAPEX,@EnemyAPEX number 18 ranked apex predator yippie yahoo im addicted to the grind,78,2026-05-01T13:56:10Z,en,https://static-cdn.jtvnw.net/previews-ttv/live_user_enemyapex-{width}x{height}.jpg,False
2026-05-01_181607,Apex Legends,315889324147,627664181,dayodayo_dayo,だよだよくん,ストグラ後のAPEX,76,2026-05-01T16:04:36Z,ja,https://static-cdn.jtvnw.net/previews-ttv/live_user_dayodayo_dayo-{width}x{height}.jpg,False
2026-05-01_181607,Apex Legends,316608615138,166328383,demoniiotv,DemoniioTV,(ENG/FR) PUSH TO PARTNER !! 24 HOURS STREAM WOOOOO | Code DemoniioTV !socials !goal !getpred,74,2026-05-01T16:38:23Z,fr,https://static-cdn.jtvnw.net/previews-ttv/live_user_demoniiotv-{width}x{height}.jpg,False
2026-05-01_181607,Apex Legends,316606147938,200231611,norae,Norae,CUSTOMS with homies | !toe !dono !wallhack !code,74,2026-05-01T11:57:23Z,en,https://static-cdn.jtvnw.net/previews-ttv/live_user_norae-{width}x{height}.jpg,True
2026-05-01_181607,Apex Legends,319058438874,141543400,crewsn,crewsn,S24 #1 Apex Predator | #1 Wingman player POV | !freesub !emotes !Twitter !YouTube,73,2026-05-01T14:21:14Z,en,https://static-cdn.jtvnw.net/previews-ttv/live_user_crewsn-{width}x{height}.jpg,True
2026-05-01_181607,Apex Legends,318384559580,490611599,ninjay_23,NINJAY_23,"29 ""IShe was more like a beauty queen from a movie scene I said, ""Don't mind, but what do you mean"" JOIN THE HBC STREAM TEAM// !socials",73,2026-05-01T08:15:04Z,en,https://static-cdn.jtvnw.net/previews-ttv/live_user_ninjay_23-{width}x{height}.jpg,True
2026-05-01_181607,Apex Legends,315834597106,824816099,futon_moguri,布団もぐり,ｿﾛﾗﾝ。ｶｽﾀﾑ当選ｳﾚｼｲぞ。ﾗﾝｸは沼ってるけど,72,2026-05-01T14:02:39Z,ja,https://static-cdn.jtvnw.net/previews-ttv/live_user_futon_moguri-{width}x{height}.jpg,False
2026-05-01_181607,Apex Legends,319054370906,59868856,gsq_zeus,GsQ_Zeus,SHAKE SOME AHH FOR A ZEUSY,72,2026-05-01T03:30:19Z,en,https://static-cdn.jtvnw.net/previews-ttv/live_user_gsq_zeus-{width}x{height}.jpg,True
2026-05-01_181607,Apex Legends,315825357041,38416676,mizuki_7777,小剎,［小剎］A配渴死 5/1 九周年里程碑手把上鑽練習35hrs !組電腦 !apex通行證 !魔儲,71,2026-05-01T07:44:12Z,zh,https://static-cdn.jtvnw.net/previews-ttv/live_user_mizuki_7777-{width}x{height}.jpg,True
2026-05-01_181607,Apex Legends,318998748761,219705278,snowxred,snowxred,♡ GOOD MORNING ♡ | !socials !wall !yt,68,2026-05-01T16:50:57Z,en,https://static-cdn.jtvnw.net/previews-ttv/live_user_snowxred-{width}x{height}.jpg,True
2026-05-01_181607,Apex Legends,316993121895,159539972,dounatsu,dounatsu,VIEWERGAMES 🩷 | !creatorcode !socials   !instachannel ⋆｡ﾟ☁︎｡⋆｡ ﾟ☾ ﾟ｡,66,2026-05-01T15:01:27Z,de,https://static-cdn.jtvnw.net/previews-ttv/live_user_dounatsu-{width}x{height}.jpg,True
2026-05-01_181607,Apex Legends,316652184035,151767660,askyyy,Askyyy,🔥RANKED 🔥  😈 !holy !modo !tiktok !subgoal !pl,62,2026-05-01T17:35:45Z,fr,https://static-cdn.jtvnw.net/previews-ttv/live_user_askyyy-{width}x{height}.jpg,True
2026-05-01_181607,Apex Legends,315827900145,517078018,aqba_japan_,あおばじゃぱん,ApexLegends rank,62,2026-05-01T17:16:45Z,ja,https://static-cdn.jtvnw.net/previews-ttv/live_user_aqba_japan_-{width}x{height}.jpg,False
2026-05-01_181607,Apex Legends,318997529305,415708581,stankiniii,Stankiniii,Former #1 Mnk Apex Predator - PRED RANKED w/ Enemy & Crewsn - !sens !discord !coaching,59,2026-05-01T14:02:17Z,en,https://static-cdn.jtvnw.net/previews-ttv/live_user_stankiniii-{width}x{height}.jpg,False
2026-05-01_181607,Apex Legends,319166902363,186231573,nmoose,nmoose,personality hire | !Multistream !socials !settings !yt,58,2026-05-01T16:50:11Z,en,https://static-cdn.jtvnw.net/previews-ttv/live_user_nmoose-{width}x{height}.jpg,False
2026-05-01_181607,Apex Legends,315887036019,75365961,hayabi_zr,早日,好啦 我真的以為今天禮拜六 總之先打上接近鑽石【 Apex 】 | Nichiko 日杲設計所 | 20260501 | @Hayabi_zr | 忠誠點數兌換,57,2026-05-01T07:59:18Z,zh,https://static-cdn.jtvnw.net/previews-ttv/live_user_hayabi_zr-{width}x{height}.jpg,True
2026-05-01_181607,Apex Legends,315826594289,731153031,maruru0_0,まるなのだッ,【5月初配信】包容力あるお姉さんが癒してあげる￤ DⅣ 475~💎  【初見さん/コメント大歓迎】 @maruru0_0,55,2026-05-01T12:39:25Z,ja,https://static-cdn.jtvnw.net/previews-ttv/live_user_maruru0_0-{width}x{height}.jpg,False
2026-05-01_181607,Apex Legends,315994644820,198359787,hooo11y,Hooo11y,"🩷Булочка на стримере, продолжаем.. пробуем !tg !lagofast  !1080p",55,2026-05-01T16:35:56Z,ru,https://static-cdn.jtvnw.net/previews-ttv/live_user_hooo11y-{width}x{height}.jpg,False
2026-05-01_181607,Apex Legends,319164822107,733381818,ahleeyahh,ahleeyahh,IM LILI + I LIKE TO YAP ALOT WBU :3 i also host an apex tourney hehe :p  - !swag !tournament !draft !discord,54,2026-05-01T11:05:07Z,en,https://static-cdn.jtvnw.net/previews-ttv/live_user_ahleeyahh-{width}x{height}.jpg,False
2026-05-01_181607,Apex Legends,316634410724,157055575,neyazr1,NeyazR1,24H SUR WRAITH VIDEO DISPO SUR YOUTUBE !   !Coaching !Manette,53,2026-05-01T17:03:37Z,fr,https://static-cdn.jtvnw.net/previews-ttv/live_user_neyazr1-{width}x{height}.jpg,False
2026-05-01_181607,Apex Legends,315571775081,129418038,had3zzz_,黑帝斯_,5/1 - 千人台預備,53,2026-05-01T15:13:02Z,zh,https://static-cdn.jtvnw.net/previews-ttv/live_user_had3zzz_-{width}x{height}.jpg,False
2026-05-01_181607,Apex Legends,318490830560,21685437,imcoty,imcoty,FANCY FRIDAY,51,2026-05-01T15:00:24Z,en,https://static-cdn.jtvnw.net/previews-ttv/live_user_imcoty-{width}x{height}.jpg,True
2026-05-01_181607,Apex Legends,315833687538,266553037,yonei___,yonei___,【VALORANT】フルパヴァロラント→ソロAPEX,51,2026-05-01T11:29:58Z,ja,https://static-cdn.jtvnw.net/previews-ttv/live_user_yonei___-{width}x{height}.jpg,False
2026-05-01_181607,Apex Legends,315889551475,825263797,kopachun,こぱちゅん,ソロマス#27,50,2026-05-01T17:15:33Z,ja,https://static-cdn.jtvnw.net/previews-ttv/live_user_kopachun-{width}x{height}.jpg,False
2026-05-01_181607,Apex Legends,316651781859,520018353,llovelyer,llovelyer,its only possible with you <3 PARTNER PUSH | !discord,47,2026-05-01T16:58:36Z,en,https://static-cdn.jtvnw.net/previews-ttv/live_user_llovelyer-{width}x{height}.jpg,True
2026-05-01_181607,Apex Legends,315627207533,461465388,sammoace,SammoAce,Long Stream 87 away from 1k Followers [EN/عربي],46,2026-05-01T14:05:15Z,en,https://static-cdn.jtvnw.net/previews-ttv/live_user_sammoace-{width}x{height}.jpg,False
2026-05-01_181607,Apex Legends,315827820785,1033352790,nyanmerrypop,nyanmerrypop,元世界4位プレデターランクW/ぼるず 照れたぁ3,45,2026-05-01T16:52:31Z,ja,https://static-cdn.jtvnw.net/previews-ttv/live_user_nyanmerrypop-{width}x{height}.jpg,False
2026-05-01_181607,Apex Legends,316607000930,132462693,amaazz,Amaazz,Rankeddddddddd,44,2026-05-01T13:42:20Z,fr,https://static-cdn.jtvnw.net/previews-ttv/live_user_amaazz-{width}x{height}.jpg,True
2026-05-01_181607,Apex Legends,317143780325,44950257,recountsux,RecountSux,ΚΑΦΕΔΑΡΑ ΚΑΙ ΑΠΕΞ! | ΠΑΜΕ ΓΕΡΑ ΝΑ ΠΙΑΣΟΥΜΕ ΤΟΝ ΣΤΟΧΟ ΓΙΑ ΤΟ 24ΩΡΟ !request,43,2026-05-01T12:06:34Z,el,https://static-cdn.jtvnw.net/previews-ttv/live_user_recountsux-{width}x{height}.jpg,False
2026-05-01_181607,Apex Legends,315889070195,794529311,tsufei_,楚非寶寶ㆆㅅㆆ,【5/1】先A一下...嗎｜希望今年5ooo追ꕁ♡｜⋆ᴺᴱᵂ5月委託歡迎詢問.ᐟ｜ @tsufei_  !委託 !dc !布丁,43,2026-05-01T15:04:02Z,zh,https://static-cdn.jtvnw.net/previews-ttv/live_user_tsufei_-{width}x{height}.jpg,False
2026-05-01_181607,Apex Legends,315889293171,837040563,etrapex,Etrapex,【ソロマス】D1 851からD2に爆溶けした人のランク🐢残業で２時間睡眠なので多分少しだけ…,40,2026-05-01T15:55:24Z,ja,https://static-cdn.jtvnw.net/previews-ttv/live_user_etrapex-{width}x{height}.jpg,False
2026-05-01_181607,Apex Legends,315571511145,459387912,tang_yuan_2023,湯圓燒燒,[湯圓] 0501ღ 落枕人.... │忠誠點數可抽steam禮物卡(不用在場),40,2026-05-01T13:57:48Z,zh,https://static-cdn.jtvnw.net/previews-ttv/live_user_tang_yuan_2023-{width}x{height}.jpg,True
2026-05-01_181607,Apex Legends,315888724339,827764821,oonittan,おおにったん,APEX！漢のランク配信！25,39,2026-05-01T14:01:07Z,ja,https://static-cdn.jtvnw.net/previews-ttv/live_user_oonittan-{width}x{height}.jpg,False
2026-05-01_181607,Apex Legends,318385755612,213476417,thonusx,thonusx,PISSING,38,2026-05-01T13:23:26Z,en,https://static-cdn.jtvnw.net/previews-ttv/live_user_thonusx-{width}x{height}.jpg,False
2026-05-01_181607,Apex Legends,319058591322,609043955,iiribit,iiribit,D2 or die idk | CHOPPIN OFF HAIR @ PARTNER (0/25 SUBGOAL),37,2026-05-01T14:46:55Z,en,https://static-cdn.jtvnw.net/previews-ttv/live_user_iiribit-{width}x{height}.jpg,False
2026-05-01_181607,Apex Legends,319059280602,45859399,adeliciousmangoyt,ADeliciousMangoYT,it’s gonna be May (Justin Timberlake voice) | Galations 5:25 | !newvideo | YouTube: ADeliciousMango,36,2026-05-01T16:16:22Z,en,https://static-cdn.jtvnw.net/previews-ttv/live_user_adeliciousmangoyt-{width}x{height}.jpg,False
2026-05-01_181607,Apex Legends,315933698901,68973206,zacky1991v__,Zacky1991V__,Я ТАКОЙ СИЛЬНЫЙ ИГРОК В АПЕКС ПРОСТО ЖЭЭС,36,2026-05-01T17:01:33Z,ru,https://static-cdn.jtvnw.net/previews-ttv/live_user_zacky1991v__-{width}x{height}.jpg,False
2026-05-01_181607,Apex Legends,319166078427,174355272,nervebtw,NerveBtw,NEW MONTH NEW DONO WALL | NEW !TIKTOK,35,2026-05-01T15:07:46Z,en,https://static-cdn.jtvnw.net/previews-ttv/live_user_nervebtw-{width}x{height}.jpg,True
2026-05-01_181607,Apex Legends,315825706609,107721059,th_lancer,雷槍,5/1 7點銳評異環 |  手遊美食家在線銳評 |  訂閱告急 !YT !DC,35,2026-05-01T09:31:31Z,zh,https://static-cdn.jtvnw.net/previews-ttv/live_user_th_lancer-{width}x{height}.jpg,False
2026-05-01_181607,Apex Legends,318998711257,238753623,iamavenue,iAmAvenue,(DROPS) 🔴 B DAY STREAM! APEX GRIND ROAD TO MASTERS W MNK,35,2026-05-01T16:46:30Z,en,https://static-cdn.jtvnw.net/previews-ttv/live_user_iamavenue-{width}x{height}.jpg,False
2026-05-01_181607,Apex Legends,318491086560,415100319,phantom_frosti,phantom_frosti,I GOT BETTER MOVEMENT THAN U !socials !gfuel !donations,34,2026-05-01T15:36:17Z,en,https://static-cdn.jtvnw.net/previews-ttv/live_user_phantom_frosti-{width}x{height}.jpg,False
2026-05-01_181607,Apex Legends,315932715989,549737824,akzttv,akzttv,🔴C 1 МАЯ ВСЕХ !!! apex legends апекс легендс! стрим,34,2026-05-01T15:03:49Z,other,https://static-cdn.jtvnw.net/previews-ttv/live_user_akzttv-{width}x{height}.jpg,False
2026-05-01_181607,Apex Legends,316991543911,501701796,elonzy,Elonzy,team heretics | !funpay !tg,34,2026-05-01T12:33:42Z,ru,https://static-cdn.jtvnw.net/previews-ttv/live_user_elonzy-{width}x{height}.jpg,False
2026-05-01_181607,Apex Legends,316620037092,276950786,laexo,Laexo,🔥[SUBATHON J15] Petite Pause ! TOURNOIS 2V2 VIEWERS 18H ! | Code créateur --> Laexo | !discord !réseau !subgoals !6040,34,2026-04-29T22:41:04Z,fr,https://static-cdn.jtvnw.net/previews-ttv/live_user_laexo-{width}x{height}.jpg,False
2026-05-01_181607,Apex Legends,316994402407,150141491,3trixx,3TrixX,Scrims !now | !yt,34,2026-05-01T16:49:04Z,en,https://static-cdn.jtvnw.net/previews-ttv/live_user_3trixx-{width}x{height}.jpg,True
2026-05-01_181607,Apex Legends,317212314982,417169294,excentis,Excentis,[#1 MNK] ONLY MNK GOING FOR 5K TODAY,34,2026-05-01T17:15:48Z,en,https://static-cdn.jtvnw.net/previews-ttv/live_user_excentis-{width}x{height}.jpg,False
2026-05-01_181607,Apex Legends,317212172774,95787611,im_minaara,im_minaara,helping bby lifeline learn apep [18+],33,2026-05-01T17:04:35Z,en,https://static-cdn.jtvnw.net/previews-ttv/live_user_im_minaara-{width}x{height}.jpg,False
2026-05-01_181607,Apex Legends,317616050775,150181325,sleepyshortyy,SleepyShortyy,𝚆𝙴 𝙻𝙾𝚅𝙴 𝙰 𝙻𝙸𝙻 𝙳𝙴𝙻𝚄𝙻𝚄 𝙼𝙾𝙼𝙴𝙽𝚃 🤪 -> #ViewBottedAGAIN 😒,33,2026-05-01T15:42:45Z,en,https://static-cdn.jtvnw.net/previews-ttv/live_user_sleepyshortyy-{width}x{height}.jpg,True
2026-05-01_181607,Apex Legends,315961625174,858729590,baltisa,Baltisa,тест нового ковра Nova и глайдов + попытка не умереть от запаха ковра,32,2026-05-01T16:38:37Z,ru,https://static-cdn.jtvnw.net/previews-ttv/live_user_baltisa-{width}x{height}.jpg,False
2026-05-01_181607,Apex Legends,317211814118,105373457,ilonda,ilonda,feral,32,2026-05-01T16:39:57Z,en,https://static-cdn.jtvnw.net/previews-ttv/live_user_ilonda-{width}x{height}.jpg,True
2026-05-01_181607,Apex Legends,316991200359,137301905,mykio,Mykio,Bisschen chillen in Apex 😊 !mitspielen !rymymusic !song Isongcontest,32,2026-05-01T11:59:49Z,de,https://static-cdn.jtvnw.net/previews-ttv/live_user_mykio-{width}x{height}.jpg,False
2026-05-01_181607,Apex Legends,316633508836,864099287,nonodelf177,nonodelf177,RANKED - PS5 - !settings !youtube !boost,30,2026-05-01T15:39:18Z,fr,https://static-cdn.jtvnw.net/previews-ttv/live_user_nonodelf177-{width}x{height}.jpg,False
2026-05-01_181607,Apex Legends,317146978533,549665620,bubblybea,BubblyBea,Scrims,30,2026-05-01T16:57:31Z,en,https://static-cdn.jtvnw.net/previews-ttv/live_user_bubblybea-{width}x{height}.jpg,True
2026-05-01_181607,Apex Legends,317211823334,110721929,unr3alvl,uNr3aLvL,🔥Axle looks Dope🔥S29 Next week🔥Fuse Main🔥KOMM REIN SPIEL MIT🔥ranked🔥Try Hard🔥Ricki dicki rein da🔥,28,2026-05-01T16:40:42Z,de,https://static-cdn.jtvnw.net/previews-ttv/live_user_unr3alvl-{width}x{height}.jpg,False
2026-05-01_181607,Apex Legends,315961978966,886739246,xbrucetv,xBruceTV,HYPERSTRIKE DUALSHOCK 4 - АППАРАТ ПОДКЛЮЧЕН,28,2026-05-01T17:18:32Z,ru,https://static-cdn.jtvnw.net/previews-ttv/live_user_xbrucetv-{width}x{height}.jpg,False
2026-05-01_181607,Apex Legends,316991577191,414429990,rblackvenom,rBlackVenom,🔴 STEP BY STEP 🔴 INTO THE UNKNOWN  🔴 LIVE NOW 🔴 !optimization 🔴 !coaching 🔴 !telegram,28,2026-05-01T12:36:43Z,it,https://static-cdn.jtvnw.net/previews-ttv/live_user_rblackvenom-{width}x{height}.jpg,False
2026-05-01_181607,Apex Legends,316606001378,194572878,kiingzfps,KiingZFPS,KiingZ | pred today?? part 2 + maybe scrims | !viagem !now !controle !sens !layout !setup !comandos,27,2026-05-01T11:36:06Z,en,https://static-cdn.jtvnw.net/previews-ttv/live_user_kiingzfps-{width}x{height}.jpg,True
2026-05-01_181607,Apex Legends,315889359347,1132979628,accavvip,accavvip,ランク,27,2026-05-01T16:14:44Z,ja,https://static-cdn.jtvnw.net/previews-ttv/live_user_accavvip-{width}x{height}.jpg,False
2026-05-01_181607,Apex Legends,315827524081,569404313,tikochandao,ちこちゃんだお,【APEX】【プロゲーマー】お久しﾌﾞﾘﾌﾞﾘﾌﾞﾘﾌﾞﾘｭﾘｭﾘｭﾘｭﾘｭﾘｭ！！！！！！ﾌﾞﾂﾁﾁﾌﾞﾌﾞﾌﾞﾁﾁﾁﾁﾌﾞﾘﾘｲﾘﾌﾞﾌﾞﾌﾞブリ大根ですわ,27,2026-05-01T15:29:44Z,ja,https://static-cdn.jtvnw.net/previews-ttv/live_user_tikochandao-{width}x{height}.jpg,False
2026-05-01_181607,Apex Legends,318491966176,255658611,branden,Branden,TWERKIN ON EM BRANDEN STYLE - Top Ballistic incoming... - !twitter !tiktok !youtube,27,2026-05-01T17:25:13Z,en,https://static-cdn.jtvnw.net/previews-ttv/live_user_branden-{width}x{height}.jpg,False
2026-05-01_181607,Apex Legends,315834114802,539904119,nave0204,ナーヴェ,金曜日はDBD,27,2026-05-01T12:40:18Z,ja,https://static-cdn.jtvnw.net/previews-ttv/live_user_nave0204-{width}x{height}.jpg,False
2026-05-01_181607,Apex Legends,315960782934,1386280979,cutestllama,CutestLlama,"Llama feels chilly, lets get cozy and play apex legends | !socials",26,2026-05-01T15:00:15Z,en,https://static-cdn.jtvnw.net/previews-ttv/live_user_cutestllama-{width}x{height}.jpg,False
2026-05-01_181607,Apex Legends,319060036186,508333532,sailortori,sailortori,₊˚⊹♡ Apex Ranked -> Fall Guys Chat Customs ₊˚⊹♡ SILENT HILL 2 + COSPLAY AT 106/200 subs) // !merch !code !tip !passes,25,2026-05-01T17:42:08Z,en,https://static-cdn.jtvnw.net/previews-ttv/live_user_sailortori-{width}x{height}.jpg,True
2026-05-01_181607,Fortnite,316652021731,24147592,gotaga,Gotaga,POV M8 - EWC OPEN JOUR 1 (Nikof à un problème de PC),12462,2026-05-01T17:19:27Z,fr,https://static-cdn.jtvnw.net/previews-ttv/live_user_gotaga-{width}x{height}.jpg,False
2026-05-01_181607,Fortnite,319166867035,233300375,clix,Clix,🏆 WINNING DUO EVAL TOURNAMENT INTO EWC RELOAD SERIES OPENS 🏆 code clix for a massive kiss ;),5341,2026-05-01T16:46:16Z,en,https://static-cdn.jtvnw.net/previews-ttv/live_user_clix-{width}x{height}.jpg,False
2026-05-01_181607,Fortnite,315593384170,224539819,aussieantics,AussieAntics,WATCHING ELITE SERIES OPENS 🏆 NA EVAL CUP 👀 WHAT CHANGED ⁉️,3584,2026-05-01T16:54:21Z,en,https://static-cdn.jtvnw.net/previews-ttv/live_user_aussieantics-{width}x{height}.jpg,False
2026-05-01_181607,Fortnite,318436815454,198182340,mrsavage,MrSavage,🏆EWC OPENS w/ VELO🏆facecam isnt working !hallucina | !crosshairx #ad,3579,2026-05-01T16:58:03Z,en,https://static-cdn.jtvnw.net/previews-ttv/live_user_mrsavage-{width}x{height}.jpg,False
2026-05-01_181607,Fortnite,315589182827,574802385,jolavanille,Jolavanille,OMG J'AI UN BETE DE DUO POUR LA EWC 🏆 | (!don),2533,2026-05-01T17:24:39Z,fr,https://static-cdn.jtvnw.net/previews-ttv/live_user_jolavanille-{width}x{height}.jpg,False
2026-05-01_181607,Fortnite,317211481190,422417281,rezonfn,rezonfn,🏆2.500.000$ EWC Reload Elite Series🏆|🏆 PLAY MY !1v1 MAP🏆 !map !crosshairx !keyboard !koro,2270,2026-05-01T16:12:15Z,de,https://static-cdn.jtvnw.net/previews-ttv/live_user_rezonfn-{width}x{height}.jpg,False
2026-05-01_181607,Fortnite,316994494951,121706139,toosefn,TooseFN,ВОРЛД КАП КВАЛЫ @malash9 | ТЭГ АВТОРА : TOOSE | !tg !ковер,2150,2026-05-01T16:56:18Z,ru,https://static-cdn.jtvnw.net/previews-ttv/live_user_toosefn-{width}x{height}.jpg,False
2026-05-01_181607,Fortnite,317616350423,133705618,mongraal,Mongraal,🏆 EWC OPENS DAY 1 WITH LIXIUM 🏆 | USE CODE MONGRAAL IN THE ITEM SHOP !sub !prime #epicpartner,2115,2026-05-01T16:40:28Z,en,https://static-cdn.jtvnw.net/previews-ttv/live_user_mongraal-{width}x{height}.jpg,False
2026-05-01_181607,Fortnite,317147140581,67931625,amar,Amar,2.500.000$ EWC Quali !giveaway !map | !SUB !PRIME !bitpanda !squadup !MORE !rettetdiehunde !giveaway,2109,2026-05-01T17:08:23Z,de,https://static-cdn.jtvnw.net/previews-ttv/live_user_amar-{width}x{height}.jpg,False
2026-05-01_181607,Fortnite,315994869076,40855047,qlnek,qlnek,🏆KWALI do LANA w ARABII🏆RUNDA 1🏆 !bepro !steel !turniej #reklama,1904,2026-05-01T17:00:11Z,pl,https://static-cdn.jtvnw.net/previews-ttv/live_user_qlnek-{width}x{height}.jpg,False
2026-05-01_181607,Fortnite,315961784150,14397255,mirwana,MIRWANA,СМОТРИМ КВАЛЫ НА ВОРЛД КАП САУДОВСКАЯ АРАВИЯ !tg !мерч !funpay,1724,2026-05-01T16:56:52Z,ru,https://static-cdn.jtvnw.net/previews-ttv/live_user_mirwana-{width}x{height}.jpg,False
2026-05-01_181607,Fortnite,316608469986,159292184,venofn,venofn,ewc w/ curve (IN UK),1674,2026-05-01T16:22:58Z,en,https://static-cdn.jtvnw.net/previews-ttv/live_user_venofn-{width}x{height}.jpg,False
2026-05-01_181607,Fortnite,316608596706,422770569,nakoo_fn,NAKOO_Fn,🏆 EWC OPENS DAY 1 🏆,1583,2026-05-01T16:35:57Z,es,https://static-cdn.jtvnw.net/previews-ttv/live_user_nakoo_fn-{width}x{height}.jpg,False
2026-05-01_181607,Fortnite,315485448529,123341090,wazz,WaZz,Opens - Major 3 Reload ! #HVKWIN,1554,2026-05-01T16:53:54Z,fr,https://static-cdn.jtvnw.net/previews-ttv/live_user_wazz-{width}x{height}.jpg,False
2026-05-01_181607,Fortnite,317209747430,487318498,vadeal,Vadeal,🏆️EWC  w/ Juu🏆️ QUALED LAN 🏆️CC: Vadeal | !map !gruppe,1283,2026-05-01T13:40:32Z,de,https://static-cdn.jtvnw.net/previews-ttv/live_user_vadeal-{width}x{height}.jpg,False
2026-05-01_181607,Fortnite,317146681573,722249819,buzzftn,buzzftn,🔥CAST OPEN EWC 🏆| !sub !prime !insta !70/30,1167,2026-05-01T16:34:49Z,fr,https://static-cdn.jtvnw.net/previews-ttv/live_user_buzzftn-{width}x{height}.jpg,False
2026-05-01_181607,Fortnite,317211843430,179144678,nezak_,NeZaK_,🏆WP QUALIFICHE EWC RELOAD DA 2.000.000$🏆   !CODICE  |  !pc  !SCUF #AD !nezcord  !sub  !prime,1166,2026-05-01T16:42:03Z,it,https://static-cdn.jtvnw.net/previews-ttv/live_user_nezak_-{width}x{height}.jpg,False
2026-05-01_181607,Fortnite,317144972901,236507843,pizfn,pizfn,SITUAZIONE GTA -> DUO QUALIFICHE MONDIALI RELOAD🏆🌍  |!1v1 !prozis !programma !supporter !novo !giro,1085,2026-05-01T14:06:06Z,it,https://static-cdn.jtvnw.net/previews-ttv/live_user_pizfn-{width}x{height}.jpg,False
2026-05-01_181607,Fortnite,317146403173,91647183,katoo,katoo,$2.5 MIO RELOAD ELITE SERIES 🏆  | !steelseries !clipper,1015,2026-05-01T16:11:22Z,de,https://static-cdn.jtvnw.net/previews-ttv/live_user_katoo-{width}x{height}.jpg,False
2026-05-01_181607,Fortnite,316608818914,924287633,fragger_sandropt,fragger_sandropt,FNCS RELOAD EWC OPENS (EU)🔥| ESTOU NA FTW ESPORTS🔥| Code “SANDRINHOS” #ad | !social !map !donation,815,2026-05-01T16:58:07Z,pt,https://static-cdn.jtvnw.net/previews-ttv/live_user_fragger_sandropt-{width}x{height}.jpg,True
2026-05-01_181607,Fortnite,315933649621,115935251,shur4,shur4,🔴КВАЛИФИКАЦИИ НА ЧЕМПИОНАТ МИРА EWC 🏆6-ОЕ МЕСТО ФНКСА (30.000$)🏆!ДОНАТ !FUNPAY !ПКБУСТ !ТГ🏆РАЗБАНИЛ ВСЕХ🏆,727,2026-05-01T16:57:41Z,ru,https://static-cdn.jtvnw.net/previews-ttv/live_user_shur4-{width}x{height}.jpg,False
2026-05-01_181607,Fortnite,316650369507,1272902277,velofps,velofps,🏆WINNING EWC WITH MRSAVAGE🏆 - qualed summit lan - !commands,727,2026-05-01T14:35:47Z,en,https://static-cdn.jtvnw.net/previews-ttv/live_user_velofps-{width}x{height}.jpg,False
2026-05-01_181607,Fortnite,319166975323,181258781,khanada_,Khanada_,DUO EVAL CUP W VIC | !tiktok !yt !sub,697,2026-05-01T16:58:22Z,en,https://static-cdn.jtvnw.net/previews-ttv/live_user_khanada_-{width}x{height}.jpg,False
2026-05-01_181607,Fortnite,316993913959,66094104,coachboop,CoachBoop,WATCHING $2.5M EWC OPEN QUALIFIERS / NAC PERF CUP🏆 SHARK POV 👀,639,2026-05-01T16:09:10Z,en,https://static-cdn.jtvnw.net/previews-ttv/live_user_coachboop-{width}x{height}.jpg,False
2026-05-01_181607,Fortnite,316651368163,143594052,tozeo,tozeo,-> EWC ROUND 1 W/ LETFLO  !mapa !1v1 !code !prozis,616,2026-05-01T16:20:01Z,es,https://static-cdn.jtvnw.net/previews-ttv/live_user_tozeo-{width}x{height}.jpg,True
2026-05-01_181607,Fortnite,318490840416,190163874,headshotchick,HeadShotChick,NEW Star Wars Gamemodes!✨Win !Vbucks✨1440p✨PS5 !Giveaway✨!GFUEL,604,2026-05-01T15:01:47Z,en,https://static-cdn.jtvnw.net/previews-ttv/live_user_headshotchick-{width}x{height}.jpg,False
2026-05-01_181607,Fortnite,316650890339,804923620,leothecrack,leothecrack,BIG CAST EWC BABYY 👀 | Annonce décalée semaine pro 👀 | !Operagx | !Bleap | It3 → 70/30 | !token | !clip !snap !tiktok !sub,604,2026-05-01T15:31:43Z,fr,https://static-cdn.jtvnw.net/previews-ttv/live_user_leothecrack-{width}x{height}.jpg,False
2026-05-01_181607,Fortnite,317211985126,1033052690,fnrax,fnrax,EWC RELOAD SERIES🏆❗ !1v1 !duo !org !sub !prime !twitter !argonpads,597,2026-05-01T16:53:19Z,it,https://static-cdn.jtvnw.net/previews-ttv/live_user_fnrax-{width}x{height}.jpg,False
2026-05-01_181607,Fortnite,317146803941,269636706,gripey,Gripey,🏆WATCHPARTY $2.5M EWC OPENS / NAC EVAL CUP🏆use code gripey !yt !wave+ !mod,595,2026-05-01T16:44:26Z,de,https://static-cdn.jtvnw.net/previews-ttv/live_user_gripey-{width}x{height}.jpg,False
2026-05-01_181607,Fortnite,316994021479,667597085,myketv,MykeTV,🏆2.500.000$ RELOAD SERIES QUAL #3 | !mappa🏆| @myketv !corsair !prozis #ad,542,2026-05-01T16:18:24Z,it,https://static-cdn.jtvnw.net/previews-ttv/live_user_myketv-{width}x{height}.jpg,False
2026-05-01_181607,Fortnite,319165737947,166901339,sparkles_qt,sparkles_qt,FRIDAYYYYYYYYYYY :D,534,2026-05-01T14:17:02Z,en,https://static-cdn.jtvnw.net/previews-ttv/live_user_sparkles_qt-{width}x{height}.jpg,False
2026-05-01_181607,Fortnite,317859755893,408170822,bloquinhotv,bloquinhotv,IRL GAMESCOM DIA 3 - X1 PULGA E BLACK🇧🇷,503,2026-05-01T16:56:04Z,pt,https://static-cdn.jtvnw.net/previews-ttv/live_user_bloquinhotv-{width}x{height}.jpg,False
2026-05-01_181607,Fortnite,316651497315,96564203,suja,SUJA,⭐Reload Elite Series Opens⭐!MAPA → MEJORA MECÁNICAS 100%⭐,469,2026-05-01T16:32:02Z,es,https://static-cdn.jtvnw.net/previews-ttv/live_user_suja-{width}x{height}.jpg,False
2026-05-01_181607,Fortnite,318491689696,575239993,curve1x,Curve1x,🏆EU EWC OPENS W/ @venofn| GOING EU NEXT WEEK🏆 | !Socials !Add,455,2026-05-01T16:53:59Z,en,https://static-cdn.jtvnw.net/previews-ttv/live_user_curve1x-{width}x{height}.jpg,False
2026-05-01_181607,Fortnite,318997443161,191542540,swearin,Swearin,!factor code FSWEARIN | !madrinas,413,2026-05-01T13:48:38Z,en,https://static-cdn.jtvnw.net/previews-ttv/live_user_swearin-{width}x{height}.jpg,False
2026-05-01_181607,Fortnite,315528159571,629857550,antunya,antunya,UNCAPPED BIRTHDAY SUBATHON DAY 9: BUHHH | !subathon !newyt,402,2026-05-01T11:54:30Z,en,https://static-cdn.jtvnw.net/previews-ttv/live_user_antunya-{width}x{height}.jpg,False
2026-05-01_181607,Fortnite,315933961301,1482908586,frg__casino_4416755,FRG__Casino_4416755,FRG ФРГ Заносы недели бонусы casino казиныч катаем слоты залетайте на эфир,397,2026-05-01T17:30:27Z,ru,https://static-cdn.jtvnw.net/previews-ttv/live_user_frg__casino_4416755-{width}x{height}.jpg,False
2026-05-01_181607,Fortnite,317212192230,88291179,alvivb,AlviVB,REALTALK ÜBER CZW 🔥 - CC: ALVIVB (Werbung) !mypc !nyfter !maps !holy,396,2026-05-01T17:06:08Z,de,https://static-cdn.jtvnw.net/previews-ttv/live_user_alvivb-{width}x{height}.jpg,False
2026-05-01_181607,Fortnite,316650222563,174042680,radossb,Radossb,🤯 HOY HACEMOS MEGAESCONDITE EN PRIVADAS 🤯 CLONE WARS ANTES DE TIEMPO Y NUEVOS OBJETOS 🤩 !SORTEO🎁 🚨CÓDIGO CREADOR: RADOS🚨 #EpicPartner,396,2026-05-01T14:18:43Z,es,https://static-cdn.jtvnw.net/previews-ttv/live_user_radossb-{width}x{height}.jpg,False
2026-05-01_181607,Fortnite,318491711328,153092092,crackly,Crackly,NEW Reload Loot Pool + Map Rotation is BACK! | !nv | Code: Crackly #EpicPartner | !GFUEL,385,2026-05-01T16:56:22Z,en,https://static-cdn.jtvnw.net/previews-ttv/live_user_crackly-{width}x{height}.jpg,True
2026-05-01_181607,Fortnite,317211825382,236284330,flokito_,flokito_,🏆 EWC 2M5$ | !solary !sub !socials !discord !heat 🔥,374,2026-05-01T16:40:52Z,fr,https://static-cdn.jtvnw.net/previews-ttv/live_user_flokito_-{width}x{height}.jpg,False
2026-05-01_181607,Fortnite,316648068195,73987082,revenja,Revenja,"CAST 2,500,000$ EWC QUALIFIERS 🏆 SOLARY SKYJUMP / GHONZO / DARKOS / MINORI / MAKU 👀 !ban !pp !selection !cf",368,2026-05-01T09:22:52Z,fr,https://static-cdn.jtvnw.net/previews-ttv/live_user_revenja-{width}x{height}.jpg,False
2026-05-01_181607,Fortnite,317146173797,126617296,vicotryona,vicotryona,ewc | 3rd grands (60K$) | !cc !yt !settings,359,2026-05-01T15:53:54Z,de,https://static-cdn.jtvnw.net/previews-ttv/live_user_vicotryona-{width}x{height}.jpg,False
2026-05-01_181607,Fortnite,316634367588,127826699,podasai,Podasai,[NO COM/NO CAM]🏆 EWC OPENS w/ @seyytofn - Jour 1 🏆 Qual Lan Düsseldorf !delai !ewc !code !discord !tiktok,357,2026-05-01T17:00:43Z,fr,https://static-cdn.jtvnw.net/previews-ttv/live_user_podasai-{width}x{height}.jpg,False
2026-05-01_181607,Fortnite,318491748064,554057125,higgs,Higgs,🏆WINNING EVAL CUP W/ @Clix INTO EWC 🏆 | !discord !community !updates,343,2026-05-01T17:00:22Z,en,https://static-cdn.jtvnw.net/previews-ttv/live_user_higgs-{width}x{height}.jpg,False
2026-05-01_181607,Fortnite,318998708441,137009607,bewitching,Bewitching,💥 Unreleased Star Wars Skins 💥#1 Female For Wins in the World 🐈‍⬛ | !gfuel !wins,311,2026-05-01T16:46:08Z,en,https://static-cdn.jtvnw.net/previews-ttv/live_user_bewitching-{width}x{height}.jpg,False
2026-05-01_181607,Fortnite,318387033564,45360791,ruflesscat,RuflessCat,May The First Be With You | Use Code: Ruflesscat ✅,288,2026-05-01T16:26:55Z,en,https://static-cdn.jtvnw.net/previews-ttv/live_user_ruflesscat-{width}x{height}.jpg,False
2026-05-01_181607,Fortnite,318385802204,40545537,ship,Ship,Reload Grind! | #1 Wins in the World | !rlp !rv !rm !stats !yt,271,2026-05-01T13:31:09Z,en,https://static-cdn.jtvnw.net/previews-ttv/live_user_ship-{width}x{height}.jpg,False
2026-05-01_181607,Fortnite,316634374244,609666140,momsyfnv2,momsyfnv2,EWC Open w/Skyjump,267,2026-05-01T17:01:11Z,fr,https://static-cdn.jtvnw.net/previews-ttv/live_user_momsyfnv2-{width}x{height}.jpg,False
2026-05-01_181607,Fortnite,315588860779,228270342,alkhld_,ALKHLD_,بارتنر؟ | مساء الخير | تربص؟,251,2026-05-01T15:47:47Z,ar,https://static-cdn.jtvnw.net/previews-ttv/live_user_alkhld_-{width}x{height}.jpg,False
2026-05-01_181607,Fortnite,316608842082,1076360390,syaazfnn,syaazfnn,"EWC OPENS | TOP 9 IN GRANDS ($18,000) - QUALED SUMMIT  LAN | nuevo !video | !ventajas !sens !equipo",250,2026-05-01T16:59:58Z,es,https://static-cdn.jtvnw.net/previews-ttv/live_user_syaazfnn-{width}x{height}.jpg,False
2026-05-01_181607,Fortnite,319167010651,269835621,reet,Reet,PERFORMANCE EVAL w/ @Cooper | !sens !twitter !yt,250,2026-05-01T17:01:16Z,en,https://static-cdn.jtvnw.net/previews-ttv/live_user_reet-{width}x{height}.jpg,False
2026-05-01_181607,Fortnite,317146956133,468638176,predagefn,predagefn,🚨19:00 EWC  W FRXSTY 🚨|5 SUB = VIP | !sub !prime !masterclass,237,2026-05-01T16:56:08Z,it,https://static-cdn.jtvnw.net/previews-ttv/live_user_predagefn-{width}x{height}.jpg,False
2026-05-01_181607,Fortnite,315506103890,222948909,phantomfnn,Phantomfnn,EWC with @qndx,236,2026-05-01T16:48:54Z,ar,https://static-cdn.jtvnw.net/previews-ttv/live_user_phantomfnn-{width}x{height}.jpg,False
2026-05-01_181607,Fortnite,316608448098,527007114,papivisen,PaPiVisen,SKIN CUP ZB🏆 TOP 1?👀 | CÓDIGO: PAPIVISEN | !comandos,230,2026-05-01T16:20:21Z,es,https://static-cdn.jtvnw.net/previews-ttv/live_user_papivisen-{width}x{height}.jpg,False
2026-05-01_181607,Fortnite,316647958243,162957501,stizo_,Stizo_,🔴EWC 2M$ à 19H w/ Zocian + SUBATHON IRL JOUR 35😍2 PS5 PRO A WIN !ps5 !gift !sub !hm !shop,221,2026-05-01T09:03:00Z,fr,https://static-cdn.jtvnw.net/previews-ttv/live_user_stizo_-{width}x{height}.jpg,False
2026-05-01_181607,Fortnite,315528959315,159190161,palochka,palochka,EWC CUP Opens (DAY 1) w @1sha | !funpay | !пкбуст | !tg | !промо,219,2026-05-01T16:58:50Z,ru,https://static-cdn.jtvnw.net/previews-ttv/live_user_palochka-{width}x{height}.jpg,False
2026-05-01_181607,Fortnite,316651278819,197606172,mollyj,mollyj,Duos with vanessuh + chatting | WHISPER IS BACK! Code Mollyj #ad,216,2026-05-01T16:11:38Z,en,https://static-cdn.jtvnw.net/previews-ttv/live_user_mollyj-{width}x{height}.jpg,False
2026-05-01_181607,Fortnite,315933578837,235532989,marcoofnbr,marcoofnbr,"EWC OPENS| !delay !res !sens !farmskins !dc !snap !ig | CODE ""MARCOO""",208,2026-05-01T16:49:13Z,fi,https://static-cdn.jtvnw.net/previews-ttv/live_user_marcoofnbr-{width}x{height}.jpg,False
2026-05-01_181607,Fortnite,316994509927,594700609,asafn_,AsaFN_,EWC RELOAD SERIES w @fnrax 🏆 | #K13WIN !sub | PRIME IST KOSTENLOS 🏆 #AD,196,2026-05-01T16:57:36Z,de,https://static-cdn.jtvnw.net/previews-ttv/live_user_asafn_-{width}x{height}.jpg,False
2026-05-01_181607,Fortnite,318485040864,1369581021,happyhappygal_vod,HappyHappyGal_VOD,Official HappyHappyGal VOD Channel ❤️,195,2026-05-01T00:45:13Z,en,https://static-cdn.jtvnw.net/previews-ttv/live_user_happyhappygal_vod-{width}x{height}.jpg,False
2026-05-01_181607,Fortnite,316608757858,405698602,milan926_,Milan926_,🏆¡ELITE SERIES OPEM EUROPA!🏆 (NECESITO CUENTAAAAA),190,2026-05-01T16:52:36Z,es,https://static-cdn.jtvnw.net/previews-ttv/live_user_milan926_-{width}x{height}.jpg,False
2026-05-01_181607,Fortnite,315994859220,725291074,demus_fn,demus_fn,ewc opens | 7th fncs grands 25k$ | code: demusv #ad | !twitter !dropcalc !duo,187,2026-05-01T16:59:35Z,en,https://static-cdn.jtvnw.net/previews-ttv/live_user_demus_fn-{width}x{height}.jpg,False
2026-05-01_181607,Fortnite,316992869607,441634437,jarkofn,Jarkofn,chill fock fortnite | !res !twitter !highlights !sens,180,2026-05-01T14:39:19Z,es,https://static-cdn.jtvnw.net/previews-ttv/live_user_jarkofn-{width}x{height}.jpg,False
2026-05-01_181607,Fortnite,318421759198,1292133041,nickeh30_vods,NickEh30_VODs,Official @NickEh30 Fortnite Stream (24/7),177,2026-04-30T10:22:46Z,en,https://static-cdn.jtvnw.net/previews-ttv/live_user_nickeh30_vods-{width}x{height}.jpg,False
2026-05-01_181607,Fortnite,316994460647,170600051,clement_ttt,clement_ttt,🏆 EWC WITH SNAYZY BABY 🏆 !sub !prime !socials !don,170,2026-05-01T16:53:49Z,fr,https://static-cdn.jtvnw.net/previews-ttv/live_user_clement_ttt-{width}x{height}.jpg,False
2026-05-01_181607,Fortnite,317146620773,146994920,noahreyli,noahreyli,EWC  / QUALED GLOBALS,165,2026-05-01T16:29:13Z,de,https://static-cdn.jtvnw.net/previews-ttv/live_user_noahreyli-{width}x{height}.jpg,False
2026-05-01_181607,Fortnite,317147315557,185783477,malibuca,Malibuca,EWC OPENS | 3rd grands (60K$) | !youtube !tg,154,2026-05-01T17:21:12Z,en,https://static-cdn.jtvnw.net/previews-ttv/live_user_malibuca-{width}x{height}.jpg,False
2026-05-01_181607,Fortnite,317144331621,467161807,ricborr,ricborr,🏆 EWC W SXDIA 🏆  !prime !sub !vip 🔴,145,2026-05-01T13:01:41Z,it,https://static-cdn.jtvnw.net/previews-ttv/live_user_ricborr-{width}x{height}.jpg,False
2026-05-01_181607,Fortnite,317615484631,888026727,togozb,TogoZB,MAX PASSION SOLOS | 18+,140,2026-05-01T13:13:50Z,en,https://static-cdn.jtvnw.net/previews-ttv/live_user_togozb-{width}x{height}.jpg,False
2026-05-01_181607,Fortnite,315485314513,97706114,weswoes,weswoes,🔴RELOAD FNCS DAG 1.. 🔥IK GA QUALEN! 🔥| !subgoal !duo,137,2026-05-01T16:11:31Z,nl,https://static-cdn.jtvnw.net/previews-ttv/live_user_weswoes-{width}x{height}.jpg,False
2026-05-01_181607,Fortnite,316993109223,462392788,kiirefn,kiirefn,🏆RELOAD EWC OPENS🏆 HABLANDO CON EL CHAT,133,2026-05-01T15:00:34Z,es,https://static-cdn.jtvnw.net/previews-ttv/live_user_kiirefn-{width}x{height}.jpg,False
2026-05-01_181607,Fortnite,316608620130,213785141,doble,Doble,STAR WARS HA LLEGADO A FORTNITE🤯 // Código DOBLE // #EpicPartner,130,2026-05-01T16:39:03Z,es,https://static-cdn.jtvnw.net/previews-ttv/live_user_doble-{width}x{height}.jpg,False
2026-05-01_181607,Fortnite,316633743076,156972816,artskill,artskill,🏆EWC  w/LWAVY🏆,126,2026-05-01T16:03:04Z,fr,https://static-cdn.jtvnw.net/previews-ttv/live_user_artskill-{width}x{height}.jpg,False
2026-05-01_181607,Fortnite,315992178644,53214865,kazama5,Kazama5,TURNIEJ FNCS RELOAD! !starazolin !steel !opera #ad,125,2026-05-01T10:51:50Z,pl,https://static-cdn.jtvnw.net/previews-ttv/live_user_kazama5-{width}x{height}.jpg,False
2026-05-01_181607,Fortnite,316992997735,422343395,itsrepairs,itsRepairs,"🏆 EWC OPENS W/ @SHUR4 🏆 | TOP 6 IN GRANDS ($30,000) & SUMMIT LAN QUAL | !pts !newvid !exitlag !tg !farmskins !argonpads",125,2026-05-01T14:51:09Z,ru,https://static-cdn.jtvnw.net/previews-ttv/live_user_itsrepairs-{width}x{height}.jpg,False
2026-05-01_181607,Fortnite,317211798246,96812687,rekinss,Rekinss,ESPORTS WORLD CUP 2.500.000$  DENTRO!   !VIP,117,2026-05-01T16:38:15Z,it,https://static-cdn.jtvnw.net/previews-ttv/live_user_rekinss-{width}x{height}.jpg,False
2026-05-01_181607,Fortnite,316995085671,1419426212,thebigemil14,TheBigEmil14,🔴XXL COMBACK🔴,116,2026-05-01T17:38:50Z,de,https://static-cdn.jtvnw.net/previews-ttv/live_user_thebigemil14-{width}x{height}.jpg,False
2026-05-01_181607,Fortnite,317211933798,182427515,letshe,Letshe,EWC w/swillium !prime !trade,115,2026-05-01T16:49:29Z,de,https://static-cdn.jtvnw.net/previews-ttv/live_user_letshe-{width}x{height}.jpg,False
2026-05-01_181607,Fortnite,316633739364,488262881,chorifletes,chorifletes,!ping 👑EWC RELOAD OPEN CUP. GAME TIME🥇!equipo !1v1 || !alfombrilla !mapa !prime,114,2026-05-01T16:02:43Z,es,https://static-cdn.jtvnw.net/previews-ttv/live_user_chorifletes-{width}x{height}.jpg,False
2026-05-01_181607,Fortnite,316993161319,231893887,reddysh,Reddysh,SO HAPPY TO SEE U ❤️ CUSTOMS? ❤️ USE CODE: REDDYSH #epicpartner ❤️ !cc !socials,113,2026-05-01T15:04:10Z,en,https://static-cdn.jtvnw.net/previews-ttv/live_user_reddysh-{width}x{height}.jpg,False
2026-05-01_181607,Fortnite,316650047203,572191308,lavalkiria,LaValkiria,🚣 PELAGOCRAFT #3 CON @rodenasink 🎁 RECOMPENSAS GRATIS 🎁FORTNITE CON SKINS EXCLUSIVAS🎁 SORTEO !redes 🟥 Código: LAVALKIRIA 🟥#EpicPartner,112,2026-05-01T13:59:52Z,es,https://static-cdn.jtvnw.net/previews-ttv/live_user_lavalkiria-{width}x{height}.jpg,False
2026-05-01_181607,Fortnite,319167014875,426894140,ulusoka,ulusoka,UNRELEASED SNIPS & SKYGUY #EpicPartner  | !pc !gfuel | follow @ulusoka on all socials!,108,2026-05-01T17:01:30Z,en,https://static-cdn.jtvnw.net/previews-ttv/live_user_ulusoka-{width}x{height}.jpg,True
2026-05-01_181607,Fortnite,318437047390,487904008,vanessuh,vanessuh,"HAPPY FRIYAYYY | use code ""vanessuh"" #EpicPartner",108,2026-05-01T17:24:44Z,en,https://static-cdn.jtvnw.net/previews-ttv/live_user_vanessuh-{width}x{height}.jpg,False
2026-05-01_181607,Fortnite,319164404187,857480728,lackin,lackin,reload,107,2026-05-01T09:01:46Z,en,https://static-cdn.jtvnw.net/previews-ttv/live_user_lackin-{width}x{height}.jpg,False
2026-05-01_181607,Fortnite,318437250270,998394384,daddyphilomg,daddyphilomg,yo chat we having a good day,102,2026-05-01T17:47:51Z,en,https://static-cdn.jtvnw.net/previews-ttv/live_user_daddyphilomg-{width}x{height}.jpg,False
2026-05-01_181607,Fortnite,317918063860,197433346,tynnkz,TynnKz,"Top #1 Brazil Ranked 🏆 +19,500 wins! | !sensi !earnings !top1 !add",101,2026-05-01T12:59:47Z,pt,https://static-cdn.jtvnw.net/previews-ttv/live_user_tynnkz-{width}x{height}.jpg,False
2026-05-01_181607,Fortnite,316651476067,560001818,gordeteefn,GordeteeFN,🏆EWC RELOAD DAY1🏆| !ventajas,100,2026-05-01T16:29:43Z,es,https://static-cdn.jtvnw.net/previews-ttv/live_user_gordeteefn-{width}x{height}.jpg,False
2026-05-01_181607,Fortnite,319166981851,139837888,oliverog,OliverOG,🏆DUO EVAL CASH CUP🏆EWC LATER TODAY🏆LAN SOON?🏆,99,2026-05-01T16:59:07Z,en,https://static-cdn.jtvnw.net/previews-ttv/live_user_oliverog-{width}x{height}.jpg,False
2026-05-01_181607,Fortnite,316651128675,621553553,rater015,rater015,PRIVADAS POR PAVOS(CORTAS) Y VIERNES CHILL!! !*FOLLOW X FOLLOW*,97,2026-05-01T15:57:55Z,es,https://static-cdn.jtvnw.net/previews-ttv/live_user_rater015-{width}x{height}.jpg,False
2026-05-01_181607,Fortnite,318490144224,458719189,aweeewa,aweeewa,1st of the month | Zero Build BR | use code: aweewa ❀ | !prime,96,2026-05-01T13:13:06Z,en,https://static-cdn.jtvnw.net/previews-ttv/live_user_aweeewa-{width}x{height}.jpg,False
2026-05-01_181607,Fortnite,318387103836,184979343,nellynelzfn,nellynelzfn,Fortnite New Chapter 7 S2 ! Come join The Unc NellyNelzFN In This New Journey! Day 94,91,2026-05-01T16:36:16Z,en,https://static-cdn.jtvnw.net/previews-ttv/live_user_nellynelzfn-{width}x{height}.jpg,False
2026-05-01_181607,Fortnite,317856527093,810345657,tecnofilms,TecnoFilms,DÍA 195 EXTENSIBLE RECORD DE CUMPLEAÑOS | 31 de marzo 2026 al 2027 sorteo solo para Europa y América > PS5 Slim Digital Edition,89,2026-05-01T02:23:05Z,es,https://static-cdn.jtvnw.net/previews-ttv/live_user_tecnofilms-{width}x{height}.jpg,True
2026-05-01_181607,Fortnite,316608097506,1234380867,poloofnr,poloofnr,🏆 🇪🇺 RELOAD EWC OPENS w/NAKOO 🇪🇺 🏆 | !AGREGAR !REDES !VENTAJAS,89,2026-05-01T15:45:04Z,es,https://static-cdn.jtvnw.net/previews-ttv/live_user_poloofnr-{width}x{height}.jpg,False
2026-05-01_181607,Fortnite,319060029146,123056372,foxman,FoxMan,#1 Unreal Worldwide Solos  170+👑 | Code: FoxMan | !controller,89,2026-05-01T17:41:33Z,en,https://static-cdn.jtvnw.net/previews-ttv/live_user_foxman-{width}x{height}.jpg,False
2026-05-01_181607,Fortnite,318997690841,190763447,pier,Pier,OG KING 🏆 #1 SOLO WINS & KILLS WORLDWIDE 🌍 HIGH KILL GAMES | CONTROLLER ON PC | ZERO BUILDS ZB | FORTNITE VBUCKS GIVEAWAY,83,2026-05-01T14:29:10Z,en,https://static-cdn.jtvnw.net/previews-ttv/live_user_pier-{width}x{height}.jpg,False
2026-05-01_181607,Fortnite,317213140326,128605183,kamifn1,KamiFN1,reload | !org,40,2026-05-01T18:12:55Z,pl,https://static-cdn.jtvnw.net/previews-ttv/live_user_kamifn1-{width}x{height}.jpg,False
2026-05-01_181607,Dota 2,315960065238,215363437,avice,avice,"ВСЕМ НАШИМ ⁶⁷, ROAD TO 18K !тимспиритжди !betboom !tg",4787,2026-05-01T13:16:37Z,ru,https://static-cdn.jtvnw.net/previews-ttv/live_user_avice-{width}x{height}.jpg,False
2026-05-01_181607,Dota 2,317209540966,108268890,gorgc,Gorgc,SOME PUBS TO CAP OF THE NIGHT,4598,2026-05-01T13:20:24Z,en,https://static-cdn.jtvnw.net/previews-ttv/live_user_gorgc-{width}x{height}.jpg,False
2026-05-01_181607,Dota 2,319166522075,23364603,arteezy,Arteezy,15K EU MM Super tryhard&&focus&dagestanmode !multistream [Day 1],3246,2026-05-01T16:04:38Z,en,https://static-cdn.jtvnw.net/previews-ttv/live_user_arteezy-{width}x{height}.jpg,True
2026-05-01_181607,Dota 2,315960816598,834113869,judah_xx,judah_xx,100 АРКАН РОЗЫГРЫШ В ТГ  . !tg !WINLINE,2561,2026-05-01T15:04:19Z,ru,https://static-cdn.jtvnw.net/previews-ttv/live_user_judah_xx-{width}x{height}.jpg,False
2026-05-01_181607,Dota 2,318996450265,107321074,quinndota,Quinndota,Daft punk,2336,2026-05-01T09:47:29Z,en,https://static-cdn.jtvnw.net/previews-ttv/live_user_quinndota-{width}x{height}.jpg,False
2026-05-01_181607,Dota 2,315995302228,1490413295,mairine_dota_969304,maIrIne_dota_969304,"@ mаlr1ne_dоtа | нy чтo,cтpимеp вернyлcя,пoкa переpыв от туриков",1881,2026-05-01T17:47:34Z,ru,https://static-cdn.jtvnw.net/previews-ttv/live_user_mairine_dota_969304-{width}x{height}.jpg,False
2026-05-01_181607,Dota 2,315962091862,811782979,gigagercz,gigagercz,ИГРАЮ С ОЛУХОМ В РЕЙТИНГ (часть хз какая),1530,2026-05-01T17:31:20Z,ru,https://static-cdn.jtvnw.net/previews-ttv/live_user_gigagercz-{width}x{height}.jpg,False
2026-05-01_181607,Dota 2,315147066096,558064505,wectoro,wectoro,MMR>GIRL | Stream Every Day 98/365 | !tg,815,2026-05-01T17:01:23Z,ru,https://static-cdn.jtvnw.net/previews-ttv/live_user_wectoro-{width}x{height}.jpg,False
2026-05-01_181607,Dota 2,315933861077,94885016,mary_day,mary_day,12900 playing for fun^^,751,2026-05-01T17:19:16Z,ru,https://static-cdn.jtvnw.net/previews-ttv/live_user_mary_day-{width}x{height}.jpg,False
2026-05-01_181607,Dota 2,317917762164,99765615,k13tv,k13tv,RANKEDS TRYHARD + DIDATICA ⚔️ !1XBET !MASTERWAY !SECRETSHOP !FALLEN,723,2026-05-01T11:05:43Z,pt,https://static-cdn.jtvnw.net/previews-ttv/live_user_k13tv-{width}x{height}.jpg,False
2026-05-01_181607,Dota 2,315592290282,1135921933,lakelzth,lakelzth,🔴LIVE 🏹คัดทีมชาติไทย วันสุดท้าย หาตำแหน่ง Mid กับ Off !tipme โดเนทขึ้นจอ,659,2026-05-01T11:30:34Z,th,https://static-cdn.jtvnw.net/previews-ttv/live_user_lakelzth-{width}x{height}.jpg,False
2026-05-01_181607,Dota 2,315527939688,31113075,iceiceice,iceiceice,day 8 mmr grindddd,590,2026-05-01T09:08:29Z,en,https://static-cdn.jtvnw.net/previews-ttv/live_user_iceiceice-{width}x{height}.jpg,False
2026-05-01_181607,Dota 2,315960760022,810656365,aliksunder,AlikSunder,дота по фану ☑️ !тг !mmr,585,2026-05-01T14:57:53Z,ru,https://static-cdn.jtvnw.net/previews-ttv/live_user_aliksunder-{width}x{height}.jpg,False
2026-05-01_181607,Dota 2,317860182517,124656692,seucreysonreborn,seucreysonreborn,15k ATUAL CAMPEÃO BRASILEIRO - VAMU RI - 322 Q.I. 1300 TESTOTERONE !site !social !bmbr !flow !pix !scorpion,541,2026-05-01T17:59:14Z,pt,https://static-cdn.jtvnw.net/previews-ttv/live_user_seucreysonreborn-{width}x{height}.jpg,False
2026-05-01_181607,Dota 2,315961761878,1478836620,maxon_v_casino_7189330,MAXON_V_CASINO_7189330,MAXON! теги для поиска: ЗУБАРЕВ ЛОРД БУСТЕР ЛУДОЖОП ЕГОРКРИД ЕГОРКРИД vitus vitus_tv медисон евелон zubarefff zubarev зубареффф хованский,422,2026-05-01T16:54:26Z,ru,https://static-cdn.jtvnw.net/previews-ttv/live_user_maxon_v_casino_7189330-{width}x{height}.jpg,False
2026-05-01_181607,Dota 2,315528349139,778046174,raze1x6,raze1x6,ЫАЫА✅MATADORA✅ЗАВИСТЬ✅НЕ ИГРОК❌ОКОВЫ НАДЕТЫ❓В CUSTOM HERO CHAOS?😳✅ПОВЕЗЛО❌СЕГОДНЯ ЛАСТ НЕТВОРС?✅👹Я ФРИК!🦖и че вы ржете..😂 ПОКАЗЫВАЮ !tg,367,2026-05-01T13:12:47Z,ru,https://static-cdn.jtvnw.net/previews-ttv/live_user_raze1x6-{width}x{height}.jpg,False
2026-05-01_181607,Dota 2,316651639011,232641514,absizee,absizee,апаю 10 тысяч в скрытом пуле(игрок на контент) трек 150 руб + чил стрим,347,2026-05-01T16:45:24Z,ru,https://static-cdn.jtvnw.net/previews-ttv/live_user_absizee-{width}x{height}.jpg,False
2026-05-01_181607,Dota 2,315959309014,1437471342,n1cemickc,n1cemickc,[RU] Team Stels [0:0]  Rune Eaters | BO3 | European Pro League 37 W/ @n1shi_stream | !фрибет !тг,309,2026-05-01T11:20:24Z,ru,https://static-cdn.jtvnw.net/previews-ttv/live_user_n1cemickc-{width}x{height}.jpg,False
2026-05-01_181607,Dota 2,315960859862,121731728,mmrdem0n,MMRDEM0N,🟣MMRDEM0N?! PRIME ?¿s 2O26 s?¿ //,252,2026-05-01T15:09:48Z,ru,https://static-cdn.jtvnw.net/previews-ttv/live_user_mmrdem0n-{width}x{height}.jpg,False
2026-05-01_181607,Dota 2,318387756764,34932688,monkeys_forever,monkeys_forever,Streaming EVERYDAY (day366) DAY 2 OF SUBATHON!!! WE BACK BABY !multistream  !youtube,246,2026-05-01T17:58:28Z,en,https://static-cdn.jtvnw.net/previews-ttv/live_user_monkeys_forever-{width}x{height}.jpg,False
2026-05-01_181607,Dota 2,316608957154,40603161,ceb_,ceb_,"we back, only 3 road to billion mmr",244,2026-05-01T17:09:25Z,en,https://static-cdn.jtvnw.net/previews-ttv/live_user_ceb_-{width}x{height}.jpg,False
2026-05-01_181607,Dota 2,317147249381,36481935,esl_dota2,ESL_DOTA2,HIGHLIGHTS: BEST MOMENTS of ESL One Birmingham 2026 - Group Stage,235,2026-05-01T17:16:36Z,en,https://static-cdn.jtvnw.net/previews-ttv/live_user_esl_dota2-{width}x{height}.jpg,False
2026-05-01_181607,Dota 2,315933888725,239153091,qakasha,qAkasha,АПАЮ РЕКРУТА 2  !bc ставка в тг,228,2026-05-01T17:22:01Z,ru,https://static-cdn.jtvnw.net/previews-ttv/live_user_qakasha-{width}x{height}.jpg,False
2026-05-01_181607,Dota 2,315991900244,213271623,eccobladee2k,eccobladee2k,!coach  ПРАКТИС К СТРИМЕРСБАТТЛУ daxak  👈  отец /  !builds !guide,225,2026-05-01T10:05:40Z,ru,https://static-cdn.jtvnw.net/previews-ttv/live_user_eccobladee2k-{width}x{height}.jpg,False
2026-05-01_181607,Dota 2,319058594778,501828146,americaesportsdota2,AmericaEsportsDota2,GOTTO HOUSE vs T PEYITAZ  | El Gran Coliseo de Benjaz: PLAYOFFS,220,2026-05-01T14:47:15Z,es,https://static-cdn.jtvnw.net/previews-ttv/live_user_americaesportsdota2-{width}x{height}.jpg,False
2026-05-01_181607,Dota 2,315959616854,1350422902,destinyleague_d2_ru1,destinyleague_d2_ru1,[RU] Destiny Dota 2 League | BO3 | (2 min delay),220,2026-05-01T12:08:02Z,ru,https://static-cdn.jtvnw.net/previews-ttv/live_user_destinyleague_d2_ru1-{width}x{height}.jpg,False
2026-05-01_181607,Dota 2,315962409686,842990955,pojiratelxl,pojiratelxl,3000pts | gameplay @godboobs2 | !дс !донат,219,2026-05-01T18:04:32Z,ru,https://static-cdn.jtvnw.net/previews-ttv/live_user_pojiratelxl-{width}x{height}.jpg,False
2026-05-01_181607,Dota 2,316607599458,83251755,belonytv,BelonyTV,"Media League груповий етап День 1 | Master_Kirito+4 (початок 20:00, delay 3 min) !сітка",198,2026-05-01T14:52:22Z,uk,https://static-cdn.jtvnw.net/previews-ttv/live_user_belonytv-{width}x{height}.jpg,False
2026-05-01_181607,Dota 2,315960877910,774831202,serenadad2,serenadad2,16k gameplay midlane (discipline),190,2026-05-01T15:12:35Z,ru,https://static-cdn.jtvnw.net/previews-ttv/live_user_serenadad2-{width}x{height}.jpg,False
2026-05-01_181607,Dota 2,315571086441,16886667,bexed,beXed,WHAT DO Part 2,186,2026-05-01T12:09:32Z,en,https://static-cdn.jtvnw.net/previews-ttv/live_user_bexed-{width}x{height}.jpg,False
2026-05-01_181607,Dota 2,315992798548,480621419,rinlar,Rinlar,ранкед,163,2026-05-01T12:28:08Z,ru,https://static-cdn.jtvnw.net/previews-ttv/live_user_rinlar-{width}x{height}.jpg,False
2026-05-01_181607,Dota 2,315961362006,571632442,ieazybreezyi,IEazyBreezyI,С МИРОМ ТРУДОМ И МАЕМ - ИДЕМ В БОЙ,149,2026-05-01T16:09:35Z,ru,https://static-cdn.jtvnw.net/previews-ttv/live_user_ieazybreezyi-{width}x{height}.jpg,False
2026-05-01_181607,Dota 2,315960811990,28295429,godhunt,GodHunt,Злом лузстрiка,143,2026-05-01T15:03:33Z,uk,https://static-cdn.jtvnw.net/previews-ttv/live_user_godhunt-{width}x{height}.jpg,False
2026-05-01_181607,Dota 2,317919326324,1078193527,braulli_,braulli_,Dotinha Matinal do dia a dia !,140,2026-05-01T17:34:48Z,en,https://static-cdn.jtvnw.net/previews-ttv/live_user_braulli_-{width}x{height}.jpg,False
2026-05-01_181607,Dota 2,315995198548,277760298,rastyapa68,rastyapa68,"ВЛАСТЕЛИН БУДЕТ МОИМ, НИ ШАГУ НАЗАД. РАЗУМУ УЛЬЯ МЕНЯ НЕ СЛОМИТЬ",134,2026-05-01T17:35:12Z,ru,https://static-cdn.jtvnw.net/previews-ttv/live_user_rastyapa68-{width}x{height}.jpg,False
2026-05-01_181607,Dota 2,315960686806,547840870,lowskill_game,lowskill_game,🔥ЗАБИРАЕМ ММР У БОЙЦОВ НА 3К ММР!,132,2026-05-01T14:47:01Z,ru,https://static-cdn.jtvnw.net/previews-ttv/live_user_lowskill_game-{width}x{height}.jpg,False
2026-05-01_181607,Dota 2,315934272597,505074229,rinat_lin,rinat_lin,"МИР, ТРУД, ТУРНИР - 1X1 RANDOM CUP / !тг !чат !сетка",131,2026-05-01T18:03:02Z,ru,https://static-cdn.jtvnw.net/previews-ttv/live_user_rinat_lin-{width}x{height}.jpg,False
2026-05-01_181607,Dota 2,318435099870,22547141,timado,Timado,more practice,127,2026-05-01T13:09:03Z,en,https://static-cdn.jtvnw.net/previews-ttv/live_user_timado-{width}x{height}.jpg,True
2026-05-01_181607,Dota 2,317210877542,66895705,snowfox,Snowfox,"[5.5k]💮 Immortal bis Sonntag, sonst Coaching! // !TB #ᵂᴱᴿᴮᵁᴺᴳ",118,2026-05-01T15:21:06Z,de,https://static-cdn.jtvnw.net/previews-ttv/live_user_snowfox-{width}x{height}.jpg,True
2026-05-01_181607,Dota 2,315601872748,1451688202,wadisniper,WadiSniper,gaming night تقبل الله حياكم دوتا CHILL,116,2026-05-01T14:46:09Z,ar,https://static-cdn.jtvnw.net/previews-ttv/live_user_wadisniper-{width}x{height}.jpg,False
2026-05-01_181607,Dota 2,315529016168,239012683,zoommo_,zoommo_,เหนื่อยมากกกกก  !p2w,116,2026-05-01T13:47:22Z,th,https://static-cdn.jtvnw.net/previews-ttv/live_user_zoommo_-{width}x{height}.jpg,False
2026-05-01_181607,Dota 2,315961509974,23834039,xibbe,Xibbe,"15189 mmr, have the donkeys led me astray?",115,2026-05-01T16:26:22Z,en,https://static-cdn.jtvnw.net/previews-ttv/live_user_xibbe-{width}x{height}.jpg,False
2026-05-01_181607,Dota 2,315994809428,1088932263,winshani,winshani,прохожу доту 2 ;),113,2026-05-01T16:54:35Z,ru,https://static-cdn.jtvnw.net/previews-ttv/live_user_winshani-{width}x{height}.jpg,False
2026-05-01_181607,Dota 2,315961961942,74602566,escortslark,escortslark,ᓚ₍ ^. .^₎ 💀го деньги,111,2026-05-01T17:16:12Z,ru,https://static-cdn.jtvnw.net/previews-ttv/live_user_escortslark-{width}x{height}.jpg,False
2026-05-01_181607,Dota 2,315932651221,484810084,doubleespresso,doubleespresso,!патідота,103,2026-05-01T14:55:55Z,uk,https://static-cdn.jtvnw.net/previews-ttv/live_user_doubleespresso-{width}x{height}.jpg,False
2026-05-01_181607,Dota 2,316652006883,1105443381,vashenko_rofls,vashenko_rofls,ЗА СКОЛЬКО ДНЕЙ ТИТАН? ДЕНЬ 4 !tg !donat,102,2026-05-01T17:17:58Z,ru,https://static-cdn.jtvnw.net/previews-ttv/live_user_vashenko_rofls-{width}x{height}.jpg,False
2026-05-01_181607,Dota 2,317147759845,936681886,imaram92,imaram92,dota enjoyer,100,2026-05-01T17:55:34Z,en,https://static-cdn.jtvnw.net/previews-ttv/live_user_imaram92-{width}x{height}.jpg,False
2026-05-01_181607,Dota 2,315888720371,43313519,iamkweeen,iamKweeen,I have coffeeee :DD !eut,99,2026-05-01T14:00:42Z,en,https://static-cdn.jtvnw.net/previews-ttv/live_user_iamkweeen-{width}x{height}.jpg,False
2026-05-01_181607,Dota 2,316632456292,41727944,youyou,YouYou,Les 'tites cartes (Inscrivez-vous à la Canard League !CL),95,2026-05-01T13:43:06Z,fr,https://static-cdn.jtvnw.net/previews-ttv/live_user_youyou-{width}x{height}.jpg,False
2026-05-01_181607,Dota 2,317211279078,95398818,energobomj,EnergoBomj,🛑 ПОСМЕШИЩЕ 🛑 ФЕМБОЙ 🛑 МАНИПУЛЯТОР 🛑 КОНТЕНТ 🛑 ДРАМА 🛑,88,2026-05-01T15:57:32Z,ru,https://static-cdn.jtvnw.net/previews-ttv/live_user_energobomj-{width}x{height}.jpg,False
2026-05-01_181607,Dota 2,316992931175,86414477,yunaratv,yunaratv,топ 1 Беларуси・❥・ !tg   !Dis !Tiktok !Ytube !Followage !Links !Uptime,87,2026-05-01T14:44:53Z,ru,https://static-cdn.jtvnw.net/previews-ttv/live_user_yunaratv-{width}x{height}.jpg,False
2026-05-01_181607,Dota 2,315933974229,156702088,yamichc,yamichc,137/100 CUSTOM HERO CHAOS ДЕЛАЙТЕ МНОГО КЛИПОВ ПЛИЗ !ДОНАТ !слот,87,2026-05-01T17:31:55Z,ru,https://static-cdn.jtvnw.net/previews-ttv/live_user_yamichc-{width}x{height}.jpg,True
2026-05-01_181607,Dota 2,317212122342,694072892,krauch_v,Krauch_V,[UA] 🔴ПЕРШИЙ ДЕНЬ ТУРНІРУ 🔥 | ПОЇХАЛИ 😈 | LIVE 🔥DOTA2 Українською🔥СТРІМ  ✅ !donate,86,2026-05-01T17:01:44Z,uk,https://static-cdn.jtvnw.net/previews-ttv/live_user_krauch_v-{width}x{height}.jpg,False
2026-05-01_181607,Dota 2,315961032662,85674261,meepoha3ap,MeepoHa3ap,"1539 DegyIIIka Meepo +14k игр Meepoтрония ""Смотри-ка, 46к игр!""  !vk !tg !заказ💕(+23)",79,2026-05-01T15:31:59Z,ru,https://static-cdn.jtvnw.net/previews-ttv/live_user_meepoha3ap-{width}x{height}.jpg,True
2026-05-01_181607,Dota 2,316994370023,109504175,revizzzor0,Revizzzor0,CyberCore Медіа Ліга групова стадія.  Затримка на стрімі. ¯\_(ツ)_/¯ !tg !донат,79,2026-05-01T16:46:53Z,uk,https://static-cdn.jtvnw.net/previews-ttv/live_user_revizzzor0-{width}x{height}.jpg,False
2026-05-01_181607,Dota 2,315931803093,877633597,bountytanya,BountyTanya,это же моя любимая баунти таня !ммр !онлифанс !плейлист !бусти !донат !тг !аппарат,74,2026-05-01T12:52:37Z,ru,https://static-cdn.jtvnw.net/previews-ttv/live_user_bountytanya-{width}x{height}.jpg,False
2026-05-01_181607,Dota 2,315528557800,1038290862,flaminkovt,FlaminkoVT,Flamily Mini Dota 2 Shuffle Tournament $250 Prize Pool  Thanks to our sponsor @swagsyndrome_ and @doomc_,71,2026-05-01T11:57:05Z,en,https://static-cdn.jtvnw.net/previews-ttv/live_user_flaminkovt-{width}x{height}.jpg,False
2026-05-01_181607,Dota 2,317787635830,139890257,kalazard,Kalazard,"O que seria da minha live sem os Cavaleiros para gerar conteúdo, seria apenas mais uma live dentre outras. Pré Feriadou! !pix !calibração.",70,2026-05-01T16:44:00Z,pt,https://static-cdn.jtvnw.net/previews-ttv/live_user_kalazard-{width}x{height}.jpg,False
2026-05-01_181607,Dota 2,315994120532,218104840,ga1den,ga1den,roblox+dota (дали аккаунт с очень высоким рейтингом для меня),70,2026-05-01T15:36:37Z,ru,https://static-cdn.jtvnw.net/previews-ttv/live_user_ga1den-{width}x{height}.jpg,True
2026-05-01_181607,Dota 2,315994196436,503240269,asds__games,ASDS__GAMES,Папа и сын играют в Доту) Папа 2к Сын 8к ммр!,69,2026-05-01T15:46:43Z,ru,https://static-cdn.jtvnw.net/previews-ttv/live_user_asds__games-{width}x{height}.jpg,False
2026-05-01_181607,Dota 2,315995410004,414761344,ya4iller,ya4ILLER,[RU] Team Stels vs Rune Eaters БЕЗ ЗАДЕРЖКИ | EPL | !TG: @ya4iller,69,2026-05-01T17:58:21Z,ru,https://static-cdn.jtvnw.net/previews-ttv/live_user_ya4iller-{width}x{height}.jpg,False
2026-05-01_181607,Dota 2,315933480533,786555292,kissyau,KISSyau,Опытная женщина показывает сильный скилл !tg,68,2026-05-01T16:37:34Z,ru,https://static-cdn.jtvnw.net/previews-ttv/live_user_kissyau-{width}x{height}.jpg,False
2026-05-01_181607,Dota 2,315994791508,140883424,eskobartv,EskobarTv,"Тинкер имба патча, абуз в прямом эфире !bet !турнир",68,2026-05-01T16:52:33Z,ru,https://static-cdn.jtvnw.net/previews-ttv/live_user_eskobartv-{width}x{height}.jpg,True
2026-05-01_181607,Dota 2,315995340116,697723551,hxskyr,HXSkyR,😈 DOTA2 😈 ИГРАЮ С БУСТЕРАМИ! СКОРЕЕ ЗАХОДИ! 🔞 В ПОИСКЕ ПРЯМЫХ РУК 🔞,67,2026-05-01T17:51:22Z,ru,https://static-cdn.jtvnw.net/previews-ttv/live_user_hxskyr-{width}x{height}.jpg,False
2026-05-01_181607,Dota 2,316994248551,188187244,astela_chan,astela_chan,Windranger cos <3,65,2026-05-01T16:36:34Z,en,https://static-cdn.jtvnw.net/previews-ttv/live_user_astela_chan-{width}x{height}.jpg,False
2026-05-01_181607,Dota 2,315932279637,136894062,annashtern,ANNASHTERN,плохой стример на выгорании + нищий вайб !тг !вес,62,2026-05-01T14:04:29Z,ru,https://static-cdn.jtvnw.net/previews-ttv/live_user_annashtern-{width}x{height}.jpg,False
2026-05-01_181607,Dota 2,315961949526,818242175,maddogsleague,maddogsleague,🔴 Dota2: Mad Dogs League | Freedom Fighters vs Project Achilles (1:0),59,2026-05-01T17:14:29Z,en,https://static-cdn.jtvnw.net/previews-ttv/live_user_maddogsleague-{width}x{height}.jpg,False
2026-05-01_181607,Dota 2,315992061140,1121411431,d1mchr,d1mchr,✅С НУЛЯ ДО ТИТАНА ЗА НЕДЕЛЮ✅СТАТА 13-2✅ЗАНИМАЮСЬ ОБУЧЕНИЕМ КОУЧИНГОМ ИГРОКОВ!✅ПРИНИМАЮ ЗАКАЗЫ НА БУСТ✅,56,2026-05-01T10:33:04Z,ru,https://static-cdn.jtvnw.net/previews-ttv/live_user_d1mchr-{width}x{height}.jpg,False
2026-05-01_181607,Dota 2,316649198307,922935174,ekken6,ekken6,"BACK FROM LIQUID TRIP, 67, TIME TO GET THE BREAD.",56,2026-05-01T12:16:49Z,en,https://static-cdn.jtvnw.net/previews-ttv/live_user_ekken6-{width}x{height}.jpg,False
2026-05-01_181607,Dota 2,315961877078,225890836,connor_qq,Connor_qq,ГРАЄМО МЕДІА ЛІГУ (3 хв затримка),55,2026-05-01T17:05:55Z,uk,https://static-cdn.jtvnw.net/previews-ttv/live_user_connor_qq-{width}x{height}.jpg,False
2026-05-01_181607,Dota 2,315593229418,129157995,reality,Reality,len game before ดู cs ตี2ครึ่ง !tipme โดเนทขึ้นจอ !farmskins !sub !page,54,2026-05-01T15:53:05Z,th,https://static-cdn.jtvnw.net/previews-ttv/live_user_reality-{width}x{height}.jpg,False
2026-05-01_181607,Dota 2,316632850148,449408424,kilssu,kilssu,1 фоллов = 1 отжимание НЕ БАЙТ!!!!,54,2026-05-01T14:29:03Z,ru,https://static-cdn.jtvnw.net/previews-ttv/live_user_kilssu-{width}x{height}.jpg,False
2026-05-01_181607,Dota 2,315995024340,434496136,its_funny7,its_funny7,Media Ліга почалась,53,2026-05-01T17:15:38Z,uk,https://static-cdn.jtvnw.net/previews-ttv/live_user_its_funny7-{width}x{height}.jpg,False
2026-05-01_181607,Dota 2,315993464660,74524604,warlok_oksana,WARLOK_OKSANA,☄️ RANKED: 9629 MMR🏆до калибровки 15 дней!💬!tg  !ник,51,2026-05-01T14:08:26Z,ru,https://static-cdn.jtvnw.net/previews-ttv/live_user_warlok_oksana-{width}x{height}.jpg,False
2026-05-01_181607,Dota 2,317146675301,89748376,serejaperviy,serejaperviy,ПОРЯДОЧНЫЙ | СКРЫТОПУЛЬНЫЕ ФАЙЛЫ БРУДПШТЕЙНА В 7.41b,50,2026-05-01T16:34:16Z,ru,https://static-cdn.jtvnw.net/previews-ttv/live_user_serejaperviy-{width}x{height}.jpg,False
2026-05-01_181607,Dota 2,316989842151,87056709,pgl_dota2,PGL_Dota2,HIGHLIGHTS RERUN: PGL Wallachia Season 8,50,2026-05-01T09:36:16Z,en,https://static-cdn.jtvnw.net/previews-ttv/live_user_pgl_dota2-{width}x{height}.jpg,False
2026-05-01_181607,Dota 2,315961850966,218630926,ritrexin,Ritrexin,ИСПОЛНИЛОСЬ 15 ЛЕТ УРА | !tg | !skinchanger | !spotify,50,2026-05-01T17:03:22Z,ru,https://static-cdn.jtvnw.net/previews-ttv/live_user_ritrexin-{width}x{height}.jpg,False
2026-05-01_181607,Dota 2,315994738644,517565904,ble55ik,ble55ik,я проснулся - благодарите бога.,47,2026-05-01T16:46:02Z,ru,https://static-cdn.jtvnw.net/previews-ttv/live_user_ble55ik-{width}x{height}.jpg,False
2026-05-01_181607,Dota 2,317146618469,76686469,lizzarddota2,lizZardDota2,ZHABA OP,47,2026-05-01T16:29:03Z,en,https://static-cdn.jtvnw.net/previews-ttv/live_user_lizzarddota2-{width}x{height}.jpg,True
2026-05-01_181607,Dota 2,318998806873,51435464,a1taoda,A1taOda,Медіа Ліга день 1. Моя команда Pivko ✅  Написав свої перші трекі  !tg,47,2026-05-01T16:57:38Z,uk,https://static-cdn.jtvnw.net/previews-ttv/live_user_a1taoda-{width}x{height}.jpg,False
2026-05-01_181607,Dota 2,317780787702,112062593,mortstv,MortsTV,💀 SUBATHON DE ANIVERSÁRIO! - THE BEST UNDERGROUND STREAM -  !comandos !youtube !subathon,46,2026-04-30T19:03:17Z,pt,https://static-cdn.jtvnw.net/previews-ttv/live_user_mortstv-{width}x{height}.jpg,True
2026-05-01_181607,Dota 2,315961884246,412027134,m_a_t_a_z,M_a_t_a_z,"Пару кэток)Интересный стрим! Я Антоха если что)→ карты в Хс ,Replaced или Little Inferno????",45,2026-05-01T17:06:28Z,ru,https://static-cdn.jtvnw.net/previews-ttv/live_user_m_a_t_a_z-{width}x{height}.jpg,False
2026-05-01_181607,Dota 2,315959874134,1147221920,positive_player12,positive_player12,Auto Gladiators S10 Season Gладиаторы !гайд !tg !билды,45,2026-05-01T12:48:26Z,ru,https://static-cdn.jtvnw.net/previews-ttv/live_user_positive_player12-{width}x{height}.jpg,False
2026-05-01_181607,Dota 2,317208863974,89820815,slyzeeeeeeeeee,SLyZeeeeeeeeee,"Καλό μήνα, ελατε να πιάσουμε τον Μαη 🌻☀️🐝",44,2026-05-01T12:13:26Z,el,https://static-cdn.jtvnw.net/previews-ttv/live_user_slyzeeeeeeeeee-{width}x{height}.jpg,True
2026-05-01_181607,Dota 2,315932069333,574203204,soda_23,Soda_23,🚀 SOLO RATING 🚀 ROAD TO 8500 MMR 🚀,44,2026-05-01T13:32:33Z,ru,https://static-cdn.jtvnw.net/previews-ttv/live_user_soda_23-{width}x{height}.jpg,False
2026-05-01_181607,Dota 2,317134147173,657645352,dota2_maincast,dota2_maincast,[UA] RERUN: PGL Wallachia Season 8,44,2026-04-30T16:21:15Z,uk,https://static-cdn.jtvnw.net/previews-ttv/live_user_dota2_maincast-{width}x{height}.jpg,False
2026-05-01_181607,Dota 2,315932540501,866937635,kuroseome,kuroseome,приятно познакомиться. депрессия цвета радуги,43,2026-05-01T14:40:24Z,ru,https://static-cdn.jtvnw.net/previews-ttv/live_user_kuroseome-{width}x{height}.jpg,False
2026-05-01_181607,Dota 2,317023946456,39118048,godwithashotgun,GodWithAShotgun,you MUST come say hi to my cat | ability draft stream #247,42,2026-05-01T15:06:44Z,en,https://static-cdn.jtvnw.net/previews-ttv/live_user_godwithashotgun-{width}x{height}.jpg,False
2026-05-01_181607,Dota 2,315960432470,248135886,thesoulchannel,thesoulchannel,🥒 Солёный катоносец 🥒,42,2026-05-01T14:11:31Z,ru,https://static-cdn.jtvnw.net/previews-ttv/live_user_thesoulchannel-{width}x{height}.jpg,False
2026-05-01_181607,Dota 2,315887392755,1113120936,deknoii888_v2,deknoii888_v2,เปลี่ยนยกชุดไหมทีมชาติ ไปแข่งในนามประเทศคนในประเทศจะขายขี้หน้าเอา,41,2026-05-01T09:46:50Z,th,https://static-cdn.jtvnw.net/previews-ttv/live_user_deknoii888_v2-{width}x{height}.jpg,False
2026-05-01_181607,Dota 2,315933152469,151589402,sxndrxdee,SxndrxDee,🌼 NEW SCHEDULE 🌼 NEW FISHING SEASON 🌼,41,2026-05-01T15:59:44Z,en,https://static-cdn.jtvnw.net/previews-ttv/live_user_sxndrxdee-{width}x{height}.jpg,False
2026-05-01_181607,Dota 2,315931405525,188613642,taurielke,taurielke,пати с @dotapma_v16 !art !tg (5к птс) // заказ песни - 250 рублей (фигня = скип),40,2026-05-01T11:51:10Z,ru,https://static-cdn.jtvnw.net/previews-ttv/live_user_taurielke-{width}x{height}.jpg,False
2026-05-01_181607,Dota 2,316994782311,75991527,dianosauric,dianosauric,Сьогодні на Медіа Лізі граємо матчі проти команд @krauch_v @f3nrirtv @connor_qq,40,2026-05-01T17:16:13Z,uk,https://static-cdn.jtvnw.net/previews-ttv/live_user_dianosauric-{width}x{height}.jpg,False
2026-05-01_181607,Dota 2,315932389205,94596932,illusionqq,illusionqq,"Тихо, не спеша летим на 16к | t.me/illusionq21",40,2026-05-01T14:20:24Z,ru,https://static-cdn.jtvnw.net/previews-ttv/live_user_illusionqq-{width}x{height}.jpg,False
2026-05-01_181607,Dota 2,315932785493,259298854,stream1r,stream1r,💖 MEEPO  💖 15к ммр ?  💖 MAIN ??? 💖 Рофляшки,39,2026-05-01T15:12:54Z,ru,https://static-cdn.jtvnw.net/previews-ttv/live_user_stream1r-{width}x{height}.jpg,False
2026-05-01_181607,Dota 2,315962284118,774838958,skxrost,skxrost,xanna rx club/rx'e2 | !tg !playlist,37,2026-05-01T17:52:25Z,ru,https://static-cdn.jtvnw.net/previews-ttv/live_user_skxrost-{width}x{height}.jpg,False
2026-05-01_181607,Dota 2,315993823316,519662196,aferagoda,aferagoda,хихихаха | дс сервер с анонсами shto,35,2026-05-01T14:58:40Z,ru,https://static-cdn.jtvnw.net/previews-ttv/live_user_aferagoda-{width}x{height}.jpg,False
2026-05-01_181607,Dota 2,315994269780,492303803,rusya_dusyaa,Rusya_dusyaa,Road to 12000 pts,35,2026-05-01T15:55:59Z,ru,https://static-cdn.jtvnw.net/previews-ttv/live_user_rusya_dusyaa-{width}x{height}.jpg,False
2026-05-01_181607,Tom Clancy's Rainbow Six Siege,316607315810,65171890,rainbow6,Rainbow6,R6 North Rainbow Rumble | EU | Playoffs Day 1,3484,2026-05-01T14:19:23Z,en,https://static-cdn.jtvnw.net/previews-ttv/live_user_rainbow6-{width}x{height}.jpg,True
2026-05-01_181607,Tom Clancy's Rainbow Six Siege,318491110624,133118594,mingo,Mingo,🔴CONTROLLER PRO RANKED🔴SCRIMS @ 6 EST🔴!sub !socials,1183,2026-05-01T15:39:18Z,en,https://static-cdn.jtvnw.net/previews-ttv/live_user_mingo-{width}x{height}.jpg,False
2026-05-01_181607,Tom Clancy's Rainbow Six Siege,319059013594,38553197,beaulo,Beaulo,🔴5 DOODS 1 LOBBY🔴 👉SUB FOR NO ADS👈 !PRIME !mousepad --> AuraGG.Com !statscc #ad,920,2026-05-01T15:43:03Z,en,https://static-cdn.jtvnw.net/previews-ttv/live_user_beaulo-{width}x{height}.jpg,False
2026-05-01_181607,Tom Clancy's Rainbow Six Siege,318999453145,125057531,ash12tyn,Ash12tyn,diamond ranked siege | !sub ✨,879,2026-05-01T18:06:53Z,en,https://static-cdn.jtvnw.net/previews-ttv/live_user_ash12tyn-{width}x{height}.jpg,False
2026-05-01_181607,Tom Clancy's Rainbow Six Siege,316633752164,109306231,sixquatre,Sixquatre,Champion. Demain. 🎓!OperaGX🎓!HOLY🎓!MSI🎓@Sixquatre🎓!YT,353,2026-05-01T16:04:00Z,fr,https://static-cdn.jtvnw.net/previews-ttv/live_user_sixquatre-{width}x{height}.jpg,True
2026-05-01_181607,Tom Clancy's Rainbow Six Siege,318436367454,114856888,varsitygaming,VarsityGaming,ONE WEEK UNTIL THE MAJOR - !audeze !charm,348,2026-05-01T16:03:14Z,en,https://static-cdn.jtvnw.net/previews-ttv/live_user_varsitygaming-{width}x{height}.jpg,False
2026-05-01_181607,Tom Clancy's Rainbow Six Siege,319167357147,130934443,skittlz,Skittlz,🟥COPPER TO CHAMP EP 4🟥 !CHARM,288,2026-05-01T17:40:32Z,en,https://static-cdn.jtvnw.net/previews-ttv/live_user_skittlz-{width}x{height}.jpg,True
2026-05-01_181607,Tom Clancy's Rainbow Six Siege,318491930848,122320848,maciejay,MacieJay,I borrowed a telescope from the library!,255,2026-05-01T17:21:07Z,en,https://static-cdn.jtvnw.net/previews-ttv/live_user_maciejay-{width}x{height}.jpg,False
2026-05-01_181607,Tom Clancy's Rainbow Six Siege,316647689955,143589908,rasco100,rasco100,🐱SUB FOR !CHARM🐱12 HOUR STREAM ✅ VIEWER RANKED✅FREAKY FRIDAY ✅ GOODVIBES ✅ NOMAD✅ ALIBI ONLY ✅ GIFTED SUBS GO GO GO! NEW SUBGOALS!,198,2026-05-01T07:59:56Z,en,https://static-cdn.jtvnw.net/previews-ttv/live_user_rasco100-{width}x{height}.jpg,True
2026-05-01_181607,Tom Clancy's Rainbow Six Siege,317859794037,435551434,kheyze7,kheyze7,TLAW Kheyze - Ranked,185,2026-05-01T17:01:16Z,pt,https://static-cdn.jtvnw.net/previews-ttv/live_user_kheyze7-{width}x{height}.jpg,False
2026-05-01_181607,Tom Clancy's Rainbow Six Siege,317616134231,51533859,annemunition,AnneMunition,Mr. Clancy's Epic Adventure,185,2026-05-01T15:59:59Z,en,https://static-cdn.jtvnw.net/previews-ttv/live_user_annemunition-{width}x{height}.jpg,False
2026-05-01_181607,Tom Clancy's Rainbow Six Siege,318488620896,219400480,viperous,Viperous,🎗️ 24 HR Endometriosis Charity Stream 🎗️ Help us get better funding for women! --> !donate #healendo ˚‧｡⋆🌻⋆｡‧˚,182,2026-05-01T06:21:47Z,en,https://static-cdn.jtvnw.net/previews-ttv/live_user_viperous-{width}x{height}.jpg,False
2026-05-01_181607,Tom Clancy's Rainbow Six Siege,315933086549,146636035,noaurz,NoaUrz,RANKED PRO  ^ TEAM SECRET ^ NOA ^ WIN ^,178,2026-05-01T15:52:45Z,en,https://static-cdn.jtvnw.net/previews-ttv/live_user_noaurz-{width}x{height}.jpg,True
2026-05-01_181607,Tom Clancy's Rainbow Six Siege,319167099099,623433818,looo,Looo,🔴Rank w mingo🔴 DIALED IN 🔴 NOT LOSING 🔴 GET IN HERE 🔴 !SUB,145,2026-05-01T17:10:42Z,en,https://static-cdn.jtvnw.net/previews-ttv/live_user_looo-{width}x{height}.jpg,False
2026-05-01_181607,Tom Clancy's Rainbow Six Siege,317146332261,487125720,sserratv,SSerratv,🔥PARTHER PLUS LIV 1 PRESA🔥ESTRAZIONE 14.000 R6 GRATIS!🔥NUOVI ALLERT 5/10/15/20/25/50☣️🎁 🎁🔥 @sserratv 🎁!MERCH🎁 - !sub !prime !ID,141,2026-05-01T16:05:22Z,it,https://static-cdn.jtvnw.net/previews-ttv/live_user_sserratv-{width}x{height}.jpg,False
2026-05-01_181607,Tom Clancy's Rainbow Six Siege,318990015193,1071719866,ladydiablogaming,LadyDiabloGaming,24 HR STREAM? SINCE IM ALREADY AT |🟣RAINBOW SIX SIEGE🟣|--🎉301/320 Subs Goal🎉💟!merch !demon !draw !boop !catch !fish !love !pull !gamble,122,2026-05-01T00:33:26Z,en,https://static-cdn.jtvnw.net/previews-ttv/live_user_ladydiablogaming-{width}x{height}.jpg,False
2026-05-01_181607,Tom Clancy's Rainbow Six Siege,318433334238,259495370,kinggbradd,kinggbradd,[RERUN] 🌺CHAMPION RANKED🌺 !SUB,116,2026-05-01T05:54:05Z,en,https://static-cdn.jtvnw.net/previews-ttv/live_user_kinggbradd-{width}x{height}.jpg,True
2026-05-01_181607,Tom Clancy's Rainbow Six Siege,316633797092,95695525,barra,Barra,🏆RANKEDS👑CHAMPION👑!ZDRINKS👑!GAFAS👑!CODIGO👑1 SUB=1 SOBRE🏆!graficos🏆!config🏆!sens🏆!ads🏆!res🏆!discord,113,2026-05-01T16:07:43Z,es,https://static-cdn.jtvnw.net/previews-ttv/live_user_barra-{width}x{height}.jpg,True
2026-05-01_181607,Tom Clancy's Rainbow Six Siege,315931189717,163280020,victorzane,VictorZane,"Albion Gamer Tries Siegebow, Minus The Bow | !wehype",112,2026-05-01T11:15:45Z,en,https://static-cdn.jtvnw.net/previews-ttv/live_user_victorzane-{width}x{height}.jpg,False
2026-05-01_181607,Tom Clancy's Rainbow Six Siege,317616845527,123048799,mint,Mint,🔴 10s or ranked with droppedancold 🔴 | SUB = NO ADS | JOIN !DISCORD FOR SUB PERKS !TT !multi !trtl !dropped,99,2026-05-01T17:59:16Z,en,https://static-cdn.jtvnw.net/previews-ttv/live_user_mint-{width}x{height}.jpg,False
2026-05-01_181607,Tom Clancy's Rainbow Six Siege,316633689828,722886586,beyrouthgirl,BeyrouthGirl,Stream voie du partenaire,75,2026-05-01T15:58:35Z,fr,https://static-cdn.jtvnw.net/previews-ttv/live_user_beyrouthgirl-{width}x{height}.jpg,True
2026-05-01_181607,Tom Clancy's Rainbow Six Siege,317786672630,211819416,nerdengenheiro,NerdEngenheiro,🔥FERIADÃO COM VC E R6!🔥 Delay = 30s 🔴!gigi 🔴!iceberg 🔴!blerp 🔴!amuleto 🔴!r6tracker 🔴!funny 🔴!comandos | 3% UPS,58,2026-05-01T12:54:22Z,pt,https://static-cdn.jtvnw.net/previews-ttv/live_user_nerdengenheiro-{width}x{height}.jpg,False
2026-05-01_181607,Tom Clancy's Rainbow Six Siege,316650118499,106939329,oneshooter,OneShooter,!CHARM🏆- Tactic Room#1 - Analyse pro strate Twisted Minds & Wildcards | !sub = NO PUB + !CHARM 🏆| !youtube Aides-moi pour les 100K !,48,2026-05-01T14:07:17Z,fr,https://static-cdn.jtvnw.net/previews-ttv/live_user_oneshooter-{width}x{height}.jpg,False
2026-05-01_181607,Tom Clancy's Rainbow Six Siege,318469229920,258546745,trujitv,Trujitv,[502hrs IN]🚨SPACE TRUJITHON DAY 22🚨DAY 121/365🚨UNCAPPED !SUBATHON🚨1sub/600bits = +5min🚨!365 #ubisoftpartner🚨,48,2026-04-29T21:30:48Z,en,https://static-cdn.jtvnw.net/previews-ttv/live_user_trujitv-{width}x{height}.jpg,False
2026-05-01_181607,Tom Clancy's Rainbow Six Siege,319059821274,1385210965,jaro0128,jaro0128,Fun seige with bro!!!,44,2026-05-01T17:16:20Z,en,https://static-cdn.jtvnw.net/previews-ttv/live_user_jaro0128-{width}x{height}.jpg,False
2026-05-01_181607,Tom Clancy's Rainbow Six Siege,317211547110,794593423,dirtygamerin,DirtyGamerin,R6 Rank pushen oder doch Fallen💜💙 #Vtuberin #Verpeilt #Lost (FSK18),42,2026-05-01T16:17:49Z,de,https://static-cdn.jtvnw.net/previews-ttv/live_user_dirtygamerin-{width}x{height}.jpg,False
2026-05-01_181607,Tom Clancy's Rainbow Six Siege,316992098023,686408621,mrs_leni,Mrs_Leni,🔴 RANK GRIND!| Du entscheidest: Follow = MEIN Operator! 🫰 | !dc !mitspielen,41,2026-05-01T13:28:15Z,de,https://static-cdn.jtvnw.net/previews-ttv/live_user_mrs_leni-{width}x{height}.jpg,True
2026-05-01_181607,Tom Clancy's Rainbow Six Siege,316993851623,120990995,iirazoiirx,IIRAZOIIRx,DROPS ON✅ iiRaZoiiRx RAINBOW SIX SIEGE 💥,37,2026-05-01T16:04:19Z,en,https://static-cdn.jtvnw.net/previews-ttv/live_user_iirazoiirx-{width}x{height}.jpg,True
2026-05-01_181607,Tom Clancy's Rainbow Six Siege,316634160100,173184558,arctairevt,ArctaireVT,[R6:Siege] Its Friyay! Siege Ranked - Climbing maybe? Pop on in!,31,2026-05-01T16:43:27Z,en,https://static-cdn.jtvnw.net/previews-ttv/live_user_arctairevt-{width}x{height}.jpg,True
2026-05-01_181607,Tom Clancy's Rainbow Six Siege,316993108711,603380228,bellabein,bellabein,Wundervollen 1. Mai 🌼  || !donation !wishlist || #ubisoftpartner #ad,30,2026-05-01T15:00:32Z,de,https://static-cdn.jtvnw.net/previews-ttv/live_user_bellabein-{width}x{height}.jpg,True
2026-05-01_181607,Tom Clancy's Rainbow Six Siege,317209787878,251204247,itzuragan,ItzUragan,[FIGHT CLUB vs GOOD INTENTIONS] NORTH RUMBLE PLAYOFFS DAY 1 | @itzuragan,29,2026-05-01T13:44:54Z,it,https://static-cdn.jtvnw.net/previews-ttv/live_user_itzuragan-{width}x{height}.jpg,False
2026-05-01_181607,Tom Clancy's Rainbow Six Siege,317858884341,153928934,markz1m,markz1m,"(PC-BR) HOJE É DIA DE LAPIDAR! - DIV3, DIV2 - !PIX",29,2026-05-01T13:33:08Z,pt,https://static-cdn.jtvnw.net/previews-ttv/live_user_markz1m-{width}x{height}.jpg,False
2026-05-01_181607,Tom Clancy's Rainbow Six Siege,318436172254,882075547,ramssrt,RamsSRT,🌵FRIDEY RANKED SESH🌵10k soon🚨🟣Lakers in 6🟡!discord !sens,26,2026-05-01T15:39:51Z,en,https://static-cdn.jtvnw.net/previews-ttv/live_user_ramssrt-{width}x{height}.jpg,False
2026-05-01_181607,Tom Clancy's Rainbow Six Siege,317145556965,639321278,twinbeks,TwinBeks,☕FACCIAMO COSE ☕RANKEDzzz☕ | !sub !prime !social,25,2026-05-01T15:00:37Z,it,https://static-cdn.jtvnw.net/previews-ttv/live_user_twinbeks-{width}x{height}.jpg,False
2026-05-01_181607,Tom Clancy's Rainbow Six Siege,316648855011,156643179,caramelooficial,CarameloOficial,🟢 MARATÓN de RAINBOW SIX SIEGE | !Creditos !PROZIS !R6Mobile | DÍA 76,25,2026-05-01T11:31:54Z,es,https://static-cdn.jtvnw.net/previews-ttv/live_user_caramelooficial-{width}x{height}.jpg,False
2026-05-01_181607,Tom Clancy's Rainbow Six Siege,318437167454,213388717,spiritzr6s,SpiriTzR6s,(PRO/NA) TOP 100 CHAMP,25,2026-05-01T17:38:37Z,en,https://static-cdn.jtvnw.net/previews-ttv/live_user_spiritzr6s-{width}x{height}.jpg,False
2026-05-01_181607,Tom Clancy's Rainbow Six Siege,315506330066,579549911,icy2spicyyy,icy2spicyyy,❄️R6 SIEGE TOURNAMENT❄️TINDER RIZZING//CLIPS + PRO CLUBS PROMOTIONS❄️ JOIN UP IF YOU WANT ❄️ !discord !ubi !club,23,2026-05-01T17:57:37Z,en,https://static-cdn.jtvnw.net/previews-ttv/live_user_icy2spicyyy-{width}x{height}.jpg,False
2026-05-01_181607,Tom Clancy's Rainbow Six Siege,317144539621,153047400,reaxysr6s,ReaxysR6s,[EU🌺20x Champ]🔴Actively Unc'ing it🔴AREYOUENTERTAINEDYET🔴 67 Subs = 24h Stream 🔴@ReaxysR6s | !twitter !YouTube #UbisoftPartner,22,2026-05-01T13:23:01Z,en,https://static-cdn.jtvnw.net/previews-ttv/live_user_reaxysr6s-{width}x{height}.jpg,True
2026-05-01_181607,Tom Clancy's Rainbow Six Siege,317918474228,196218394,luixxgod,luixxgod,RANKEDX - !sorteio !pix !video !setup !randometro #FaZeUp,21,2026-05-01T14:55:40Z,pt,https://static-cdn.jtvnw.net/previews-ttv/live_user_luixxgod-{width}x{height}.jpg,True
2026-05-01_181607,Tom Clancy's Rainbow Six Siege,317146019301,429611106,blisk_y,Blisk_y,من عاشر يوما اصبحين قوما اربع منهم,20,2026-05-01T15:40:21Z,ar,https://static-cdn.jtvnw.net/previews-ttv/live_user_blisk_y-{width}x{height}.jpg,False
2026-05-01_181607,Tom Clancy's Rainbow Six Siege,316994250215,1180155410,ishvkk,ishvkk,TOP 10 RN CHAMP RANKED  !Sens !boost,20,2026-05-01T16:36:40Z,de,https://static-cdn.jtvnw.net/previews-ttv/live_user_ishvkk-{width}x{height}.jpg,False
2026-05-01_181607,Tom Clancy's Rainbow Six Siege,316650029027,688603525,anaaaaagg,anaaaaagg,ROAD TO PLASTICO 4 |🩷RANKEDS🩷| |REDES| ► @anaaaaagg 🌷,20,2026-05-01T13:57:34Z,es,https://static-cdn.jtvnw.net/previews-ttv/live_user_anaaaaagg-{width}x{height}.jpg,False
2026-05-01_181607,Tom Clancy's Rainbow Six Siege,319041194970,1213750714,kinggeorgeoffline,KingGeorgeOffline,"[WaitingRoom] Level 3,500-ExPro-Champion | Buy a !bidet | !charm !youtube !socials",20,2026-04-30T07:37:48Z,en,https://static-cdn.jtvnw.net/previews-ttv/live_user_kinggeorgeoffline-{width}x{height}.jpg,False
2026-05-01_181607,Tom Clancy's Rainbow Six Siege,315593324522,513318695,mchillibunny,今晚麻辣锅,【麻辣锅】没睡醒(＃＞＜),18,2026-05-01T16:28:23Z,zh,https://static-cdn.jtvnw.net/previews-ttv/live_user_mchillibunny-{width}x{height}.jpg,False
2026-05-01_181607,Tom Clancy's Rainbow Six Siege,315888598643,60722165,fablenini,菲波妮妮,0501❆終於有R6可以打耶比耶比,18,2026-05-01T13:39:06Z,zh,https://static-cdn.jtvnw.net/previews-ttv/live_user_fablenini-{width}x{height}.jpg,False
2026-05-01_181607,Tom Clancy's Rainbow Six Siege,315571269353,32018855,eugenequikz,eugenequikz,R6 CAS,18,2026-05-01T12:56:31Z,en,https://static-cdn.jtvnw.net/previews-ttv/live_user_eugenequikz-{width}x{height}.jpg,True
2026-05-01_181607,Tom Clancy's Rainbow Six Siege,315889052915,1065146590,touka_emogi,えもぎ燈花,【R6S/🤔】 今日は,17,2026-05-01T15:00:07Z,ja,https://static-cdn.jtvnw.net/previews-ttv/live_user_touka_emogi-{width}x{height}.jpg,False
2026-05-01_181607,Tom Clancy's Rainbow Six Siege,315593458666,582388023,iitzsuli,iiTzSuli,|NBS Esports Vs Looking For Jobs | Sub-Saharan African League | Division 1 | Match Day 4 | [Stream Delay],17,2026-05-01T17:26:14Z,en,https://static-cdn.jtvnw.net/previews-ttv/live_user_iitzsuli-{width}x{height}.jpg,True
2026-05-01_181607,Tom Clancy's Rainbow Six Siege,318387781596,178139217,icecold,IceCold,🔵 EARLY RANKED WITH BEAULO STACK OMG🔵 | !SUB FOR !CHARM | !statscc !sleeve 🔵,17,2026-05-01T18:00:35Z,en,https://static-cdn.jtvnw.net/previews-ttv/live_user_icecold-{width}x{height}.jpg,False
2026-05-01_181607,Tom Clancy's Rainbow Six Siege,315571505897,460289543,itspogyy,itspogyy,typed up hinge but it recommended me grinder…,17,2026-05-01T13:56:24Z,en,https://static-cdn.jtvnw.net/previews-ttv/live_user_itspogyy-{width}x{height}.jpg,False
2026-05-01_181607,Tom Clancy's Rainbow Six Siege,316995456487,709135191,derechtekaraa,derechtekaraa,⚡ Ranked Champ #Top100 | Neue Subs 💜 | !PSN | Giveaway 🎁,16,2026-05-01T18:03:34Z,de,https://static-cdn.jtvnw.net/previews-ttv/live_user_derechtekaraa-{width}x{height}.jpg,False
2026-05-01_181607,Tom Clancy's Rainbow Six Siege,317616295639,1401056114,konakiss,KonaKiss,🐍MUST REALLY HATE MYSELF TODAY🐍Lobbies Open🐍!sr for SUBS ONLY🐍!discord !8ball !dadjoke🐍,15,2026-05-01T16:30:03Z,en,https://static-cdn.jtvnw.net/previews-ttv/live_user_konakiss-{width}x{height}.jpg,False
2026-05-01_181607,Tom Clancy's Rainbow Six Siege,315528928467,196208763,kudos,Kudos,Y11S1.3 PATCH IS COMING! !gamersupps !flexo,15,2026-05-01T16:50:02Z,en,https://static-cdn.jtvnw.net/previews-ttv/live_user_kudos-{width}x{height}.jpg,True
2026-05-01_181607,Tom Clancy's Rainbow Six Siege,318998036697,427329543,lonnielightning,LonnieLightning,Chillist dude in R6...50 more games until i'm un-banned. !socials,15,2026-05-01T15:19:00Z,en,https://static-cdn.jtvnw.net/previews-ttv/live_user_lonnielightning-{width}x{height}.jpg,False
2026-05-01_181607,Tom Clancy's Rainbow Six Siege,315529733480,1307254700,n8_8e,n8_8e,| NBS vs Rizzlers | NBS eSports League | DIVISION 1 | plz follow :P |,15,2026-05-01T17:52:20Z,en,https://static-cdn.jtvnw.net/previews-ttv/live_user_n8_8e-{width}x{height}.jpg,False
2026-05-01_181607,Tom Clancy's Rainbow Six Siege,315828031473,152268356,aokayu,Aokayu,【R6S】ランク @X （体調悪め）,14,2026-05-01T18:04:08Z,ja,https://static-cdn.jtvnw.net/previews-ttv/live_user_aokayu-{width}x{height}.jpg,False
2026-05-01_181607,Tom Clancy's Rainbow Six Siege,316651060195,196984386,aetji,aetji,[FR/EN] 🌸 road to champ,14,2026-05-01T15:50:37Z,fr,https://static-cdn.jtvnw.net/previews-ttv/live_user_aetji-{width}x{height}.jpg,False
2026-05-01_181607,Tom Clancy's Rainbow Six Siege,316634434276,62781195,papygun,Papygun,CLassée de l'enfer #R6S #R6,14,2026-05-01T17:05:24Z,fr,https://static-cdn.jtvnw.net/previews-ttv/live_user_papygun-{width}x{height}.jpg,False
2026-05-01_181607,Tom Clancy's Rainbow Six Siege,315506244178,1164228472,smerkle_,smerkle_,Siege! popping skulls! new season when?,14,2026-05-01T17:30:16Z,en,https://static-cdn.jtvnw.net/previews-ttv/live_user_smerkle_-{width}x{height}.jpg,False
2026-05-01_181607,Tom Clancy's Rainbow Six Siege,317616415703,1092890208,octopog,octopog,(18+) Emo Chick Runs Siege.,13,2026-05-01T16:51:12Z,en,https://static-cdn.jtvnw.net/previews-ttv/live_user_octopog-{width}x{height}.jpg,False
2026-05-01_181607,Tom Clancy's Rainbow Six Siege,317147170149,638119629,tasting_anton,tasting_anton,erstes mal r6,13,2026-05-01T17:10:22Z,de,https://static-cdn.jtvnw.net/previews-ttv/live_user_tasting_anton-{width}x{height}.jpg,True
2026-05-01_181607,Tom Clancy's Rainbow Six Siege,315992822740,70168022,krasmi,Krasmi,🎁❗Tonni🎁► KLARNA VAPPEN ► SIEGESTÄ ON TULLU WOKE⁉️ ►  Event Ja !Drops Pian  ►❗fish❗website❗merch❗strafe❗throne,13,2026-05-01T12:31:56Z,fi,https://static-cdn.jtvnw.net/previews-ttv/live_user_krasmi-{width}x{height}.jpg,True
2026-05-01_181607,Tom Clancy's Rainbow Six Siege,317616611543,574951437,pupeteir,PUPETEIR,😎🎮 Friday Vibes {R6} 🎮😎,13,2026-05-01T17:20:18Z,en,https://static-cdn.jtvnw.net/previews-ttv/live_user_pupeteir-{width}x{height}.jpg,False
2026-05-01_181607,Tom Clancy's Rainbow Six Siege,316651330787,200882395,shalomr6,ShalomR6,🔴Top 10  champ ranked vs cheaters/ai 🔴 Sub = No Ads,13,2026-05-01T16:16:12Z,en,https://static-cdn.jtvnw.net/previews-ttv/live_user_shalomr6-{width}x{height}.jpg,False
2026-05-01_181607,Tom Clancy's Rainbow Six Siege,317616048343,1158856351,keepit100dreww,keepit100dreww,FOLLOW=BLINKER SO CLOSE TO 1K FOLLOWS !!!!!!!!!!!!!!!,12,2026-05-01T15:41:42Z,en,https://static-cdn.jtvnw.net/previews-ttv/live_user_keepit100dreww-{width}x{height}.jpg,False
2026-05-01_181607,Tom Clancy's Rainbow Six Siege,317211562214,409542674,ynaatalie,yNaatalie,(GER/PS5/FSK18)   Bye April und Hello Mai,12,2026-05-01T16:19:06Z,de,https://static-cdn.jtvnw.net/previews-ttv/live_user_ynaatalie-{width}x{height}.jpg,False
2026-05-01_181607,Tom Clancy's Rainbow Six Siege,318997062745,206796086,tsufunk2005,tsufunk2005,Trying to Escape Bronze but My Team Said NO 😭,12,2026-05-01T12:39:15Z,en,https://static-cdn.jtvnw.net/previews-ttv/live_user_tsufunk2005-{width}x{height}.jpg,True
2026-05-01_181607,Tom Clancy's Rainbow Six Siege,316993320167,608641767,wokstahpluto,wokstahpluto,ex top100 auf smurf !discord #dropsOn  #ubisoftpartner #ad,12,2026-05-01T15:17:56Z,de,https://static-cdn.jtvnw.net/previews-ttv/live_user_wokstahpluto-{width}x{height}.jpg,False
2026-05-01_181607,Tom Clancy's Rainbow Six Siege,315602064108,447324965,full_bloom1,Full_Bloom1,النقاط تفجرت | [EN/AR],12,2026-05-01T15:45:41Z,ar,https://static-cdn.jtvnw.net/previews-ttv/live_user_full_bloom1-{width}x{height}.jpg,True
2026-05-01_181607,Tom Clancy's Rainbow Six Siege,315960520150,105059898,guma_channel_,guma_channel_,[RU] Группа захвата DOWN's/Общение/Вайб wwww !tg,11,2026-05-01T14:24:18Z,ru,https://static-cdn.jtvnw.net/previews-ttv/live_user_guma_channel_-{width}x{height}.jpg,False
2026-05-01_181607,Tom Clancy's Rainbow Six Siege,315506131794,1412038870,martyuhh,martyuhh,🔴R6 SLAMMING VIEWERS 1V1 ME🔴wont ignore🔴GOOD CONTENT,11,2026-05-01T16:57:46Z,en,https://static-cdn.jtvnw.net/previews-ttv/live_user_martyuhh-{width}x{height}.jpg,False
2026-05-01_181607,Tom Clancy's Rainbow Six Siege,318387108188,451564483,qirkky,qirkky,{LIVE} CONTROLLER SWEATY NO LIFE RANKED PS5 HANDCAM! !!SUB  !BOOST,11,2026-05-01T16:36:54Z,en,https://static-cdn.jtvnw.net/previews-ttv/live_user_qirkky-{width}x{height}.jpg,True
2026-05-01_181607,Tom Clancy's Rainbow Six Siege,316608216802,152706765,halik_tg,Halik_TG,Badges be hard to get,10,2026-05-01T15:58:08Z,en,https://static-cdn.jtvnw.net/previews-ttv/live_user_halik_tg-{width}x{height}.jpg,True
2026-05-01_181607,Tom Clancy's Rainbow Six Siege,317145241957,196859783,xxxxfuriaxxxx,xxxxFURIAxxxx,coś ten teges ?!,10,2026-05-01T14:32:09Z,pl,https://static-cdn.jtvnw.net/previews-ttv/live_user_xxxxfuriaxxxx-{width}x{height}.jpg,True
2026-05-01_181607,Tom Clancy's Rainbow Six Siege,315833578738,126219248,primguin,primguin,[ENG/FIL] Long weekend Birthday strims!  || PERS: @zalunatuna,10,2026-05-01T11:05:57Z,en,https://static-cdn.jtvnw.net/previews-ttv/live_user_primguin-{width}x{height}.jpg,False
2026-05-01_181607,Tom Clancy's Rainbow Six Siege,316652287715,247067673,tsclout,tsClout,NBS tournament POV,10,2026-05-01T17:45:45Z,en,https://static-cdn.jtvnw.net/previews-ttv/live_user_tsclout-{width}x{height}.jpg,False
2026-05-01_181607,Tom Clancy's Rainbow Six Siege,318491311072,439489138,thebackgroundguyy,Thebackgroundguyy,😡 NOT ENDING STREAM UNTIL WE CRASHOUT 🤬,10,2026-05-01T16:04:21Z,en,https://static-cdn.jtvnw.net/previews-ttv/live_user_thebackgroundguyy-{width}x{height}.jpg,False
2026-05-01_181607,Tom Clancy's Rainbow Six Siege,317145343205,246474366,masszatka,masszatka,🐾hihetetlenül jól lövök ! kár hogy  mellé🏃‍♂️💀” 👀 Hihetetlen túlélés a pokolból -Maszatos Intech ultimate edition😁👑💀🐾👀,10,2026-05-01T14:41:16Z,hu,https://static-cdn.jtvnw.net/previews-ttv/live_user_masszatka-{width}x{height}.jpg,True
2026-05-01_181607,Tom Clancy's Rainbow Six Siege,319031203546,198419639,claytizzle,Claytizzle,🚨45 DAY !FUNDRAISER STREAM FOR R6 UTAH MAJOR !PAYPAL🚨GRIND TO PARTNER🚨!DISCORD🚨,10,2026-04-29T20:52:24Z,en,https://static-cdn.jtvnw.net/previews-ttv/live_user_claytizzle-{width}x{height}.jpg,True
2026-05-01_181607,Tom Clancy's Rainbow Six Siege,315889094131,1211694848,fuuuuw_n,常_眠子,え え エイムが迷子のMAIGO,9,2026-05-01T15:08:44Z,ja,https://static-cdn.jtvnw.net/previews-ttv/live_user_fuuuuw_n-{width}x{height}.jpg,False
2026-05-01_181607,Tom Clancy's Rainbow Six Siege,317147478373,269649191,fanur6,FanuR6,[EU/PC] | SUB = NO ADS | ENC READY BOYZZZZ,9,2026-05-01T17:33:56Z,other,https://static-cdn.jtvnw.net/previews-ttv/live_user_fanur6-{width}x{height}.jpg,False
2026-05-01_181607,Tom Clancy's Rainbow Six Siege,316609161314,480041722,matanle,matanle,playing some R6 to finish off the stream (playing with people i know sorry),9,2026-05-01T17:29:24Z,en,https://static-cdn.jtvnw.net/previews-ttv/live_user_matanle-{width}x{height}.jpg,False
2026-05-01_181607,Tom Clancy's Rainbow Six Siege,315592957930,22255585,k752984163,心理醫生,【心理醫生來了】--,8,2026-05-01T14:23:44Z,zh,https://static-cdn.jtvnw.net/previews-ttv/live_user_k752984163-{width}x{height}.jpg,True
2026-05-01_181607,Tom Clancy's Rainbow Six Siege,318387134556,605519365,rtvbrusky,RTVBrusky,QC/FR TEST JDM DRIFT MASTER ... R6 maybe Pratfall ..Installe toi et profite du moment avec nous!! .. ça part !!! #18+,8,2026-05-01T16:41:01Z,fr,https://static-cdn.jtvnw.net/previews-ttv/live_user_rtvbrusky-{width}x{height}.jpg,True
2026-05-01_181607,Tom Clancy's Rainbow Six Siege,316652413027,1300239643,thekylehdr,thekylehdr,siege+ohmoggle try,8,2026-05-01T17:56:21Z,en,https://static-cdn.jtvnw.net/previews-ttv/live_user_thekylehdr-{width}x{height}.jpg,False
2026-05-01_181607,Tom Clancy's Rainbow Six Siege,316634789476,94426273,bamixie,Bamixie,Sandwich maker 35% OFF OF SUBS ♡ !wishlist !incentives ᯓ★ Twitch Women's Guild,8,2026-05-01T17:41:15Z,en,https://static-cdn.jtvnw.net/previews-ttv/live_user_bamixie-{width}x{height}.jpg,False
2026-05-01_181607,Tom Clancy's Rainbow Six Siege,316651900643,198180978,darkzy_ig,darkzy_ig,Ranked siege - R6,8,2026-05-01T17:08:20Z,en,https://static-cdn.jtvnw.net/previews-ttv/live_user_darkzy_ig-{width}x{height}.jpg,False
2026-05-01_181607,Tom Clancy's Rainbow Six Siege,316634176484,1410743676,aribeiro0989,aribeiro0989,FULL CUSTOMS WITH VIEWERS,8,2026-05-01T16:45:02Z,en,https://static-cdn.jtvnw.net/previews-ttv/live_user_aribeiro0989-{width}x{height}.jpg,False
2026-05-01_181607,Tom Clancy's Rainbow Six Siege,318432510558,1035141052,phatnumber1,PhatNumber1,🔴31 Day Stream🔴LIVE 24/7 🔴Day 1🔴!discord !gear !r6settings🔴,8,2026-05-01T04:00:26Z,en,https://static-cdn.jtvnw.net/previews-ttv/live_user_phatnumber1-{width}x{height}.jpg,False
2026-05-01_181607,Tom Clancy's Rainbow Six Siege,317210755814,808458331,lxonzzghg,lxonzzghg,stream oder so,8,2026-05-01T15:10:13Z,de,https://static-cdn.jtvnw.net/previews-ttv/live_user_lxonzzghg-{width}x{height}.jpg,False
2026-05-01_181607,Tom Clancy's Rainbow Six Siege,316608843874,222586614,spud2astro,Spud2Astro,"Corpo Siege, It's FRIDAY!!! 🔥",7,2026-05-01T17:00:04Z,en,https://static-cdn.jtvnw.net/previews-ttv/live_user_spud2astro-{width}x{height}.jpg,True
2026-05-01_181607,Tom Clancy's Rainbow Six Siege,316992573031,639115020,droideka_17,Droideka_17,SE MI SEGUI APPLAUSO CON I PIEDI !Progetto !Clip !tip !giocare !prime !orari,7,2026-05-01T14:12:46Z,it,https://static-cdn.jtvnw.net/previews-ttv/live_user_droideka_17-{width}x{height}.jpg,False
2026-05-01_181607,Tom Clancy's Rainbow Six Siege,315934021845,107070710,goldik01,GoldiK01,✅Гнусавый✅MemeAlerts✅360noSoap✅  !tg !ds,7,2026-05-01T17:36:53Z,ru,https://static-cdn.jtvnw.net/previews-ttv/live_user_goldik01-{width}x{height}.jpg,False
2026-05-01_181607,Tom Clancy's Rainbow Six Siege,316480521463,555568381,tabbitss,tabbitss,#1 hb w/h @smitty_1111111,7,2026-05-01T16:49:39Z,en,https://static-cdn.jtvnw.net/previews-ttv/live_user_tabbitss-{width}x{height}.jpg,False
2026-05-01_181607,Tom Clancy's Rainbow Six Siege,315962167254,134300403,gamerkirsten,GamerKirsten,I'm really trying.. Not to kill my teammates,7,2026-05-01T17:39:25Z,en,https://static-cdn.jtvnw.net/previews-ttv/live_user_gamerkirsten-{width}x{height}.jpg,False
2026-05-01_181607,Tom Clancy's Rainbow Six Siege,316992500711,107759627,klejzlikcz,KlejzlikCZ,Ahoj!,7,2026-05-01T14:05:37Z,cs,https://static-cdn.jtvnw.net/previews-ttv/live_user_klejzlikcz-{width}x{height}.jpg,True
2026-05-01_181607,Tom Clancy's Rainbow Six Siege,316652605283,902547920,bbamb00,Bbamb00,🔴We are live🔴R6 RANKED🔴1V1 AGAINST VIEWERS🔴,7,2026-05-01T18:12:25Z,en,https://static-cdn.jtvnw.net/previews-ttv/live_user_bbamb00-{width}x{height}.jpg,False
2026-05-01_181607,Tom Clancy's Rainbow Six Siege,316995521255,644747293,truthroseal,TRUTHroseal,[121/365]💎SIEGE GRIND!!💎LETS GOOOOO🔴!discord !tracker !speak,6,2026-05-01T18:07:21Z,en,https://static-cdn.jtvnw.net/previews-ttv/live_user_truthroseal-{width}x{height}.jpg,False
2026-05-01_181607,Tom Clancy's Rainbow Six Siege,315529055187,784911333,appa1888,appa1888,siege time (im bad),6,2026-05-01T17:27:19Z,en,https://static-cdn.jtvnw.net/previews-ttv/live_user_appa1888-{width}x{height}.jpg,False
2026-05-01_181607,Tom Clancy's Rainbow Six Siege,316480338295,554789785,dark_ryuuvt,Dark_RyuuVT,"[+18][EN/ESP]🟪BIRTHDAY SUBATHONN!? 1 day of 10 day. come say hi🟪12 hours🟪!lurk, !unlurk, !discord, !Twitter",6,2026-05-01T15:57:28Z,en,https://static-cdn.jtvnw.net/previews-ttv/live_user_dark_ryuuvt-{width}x{height}.jpg,False
